restaurant_name,restaurant_location,cost_for_2,cusisine,rating,restaurant_img,restaurant_page
DEL,"Roseate House, New Delhi",3000,"Desserts,European,Finger Food,Indian,Italian,North Indian,Pan Asian,Continental",4.4,https://d4t7t8y8xqo0t.cloudfront.net/resized/180X200/restaurant%2F643862%2Frestaurant020170329121936.jpg,https://www.eazydiner.com//delhi-ncr/del-roseate-house-igi-airport-643862?deal_types[]=postpaid
Connaught Clubhouse,"Connaught Place (CP), Central Delhi",2000,"Beverages,Finger Food,Italian,Mexican,Multicuisine,Pan Asian,Asian",4.4,https://d4t7t8y8xqo0t.cloudfront.net/resized/180X200/restaurant%2F670761%2Frestaurant120200229102045.jpg,https://www.eazydiner.com//delhi-ncr/connaught-clubhouse-janpath-central-delhi-670761?deal_types[]=postpaid
Latest Recipe,"Le Meridien, Gurgaon",2500,"Beverages,Desserts,European,Finger Food,Italian,Mediterranean,North Indian,Multicuisine,Asian,Salad",4.5,https://d4t7t8y8xqo0t.cloudfront.net/resized/180X200/restaurant%2F111098%2Frestaurant020171009070206.jpg,https://www.eazydiner.com//delhi-ncr/latest-recipe-le-meridien-mg-road-111098?deal_types[]=postpaid
Whisky Samba,"Two Horizon Center, Golf Course Road",2500,"Chinese,Desserts,Finger Food,Indian,Japanese,Seafood,Sushi,Thai,Multicuisine,Pan Asian,Asian",4.4,https://d4t7t8y8xqo0t.cloudfront.net/resized/180X200/restaurant%2F643415%2Frestaurant320190110084930.jpg,https://www.eazydiner.com//delhi-ncr/whisky-samba-golf-course-road-gurgaon-643415?deal_types[]=postpaid
The Dineroom,"Punjabi Bagh, West Delhi",1200,"Beverages,Chinese,Desserts,North Indian,Multicuisine,Continental",4.3,https://d4t7t8y8xqo0t.cloudfront.net/resized/180X200/restaurant%2F670323%2Frestaurant020201001095453.jpg,https://www.eazydiner.com//delhi-ncr/the-dineroom-punjabi-bagh-west-delhi-670323?deal_types[]=postpaid
The Barbeque Company,"Sector 29, Gurgaon",1500,"Beverages,Chinese,Mughlai,North Indian,Multicuisine,Barbeque",4.3,https://d4t7t8y8xqo0t.cloudfront.net/resized/180X200/restaurant%2F655986%2Frestaurant220180706113255.jpg,https://www.eazydiner.com//delhi-ncr/the-barbeque-company-sector-29-gurgaon-655986?deal_types[]=postpaid
Soy X Neung Roi,"Radisson Blu Plaza Delhi Airport, Mahipalpur",3000,"Thai,Pan Asian",4.7,https://d4t7t8y8xqo0t.cloudfront.net/resized/180X200/restaurant%2F110877%2Frestaurant120210820064251.jpg,https://www.eazydiner.com//delhi-ncr/neung-roi-radisson-blu-plaza-delhi-mahipalpur-delhi-110877?deal_types[]=postpaid
Barbeque Nation,"Connaught Place (CP), Central Delhi",1500,"Multicuisine,Barbeque",4.5,https://d4t7t8y8xqo0t.cloudfront.net/resized/180X200/restaurant%2F110004%2Frestaurant020210107094136.jpg,https://www.eazydiner.com//delhi-ncr/barbeque-nation-connaught-place-110004?deal_types[]=postpaid
La Roca,Worldmark 1,2400,"European,Turkish,Modern Indian,Pan Asian",4.2,https://d4t7t8y8xqo0t.cloudfront.net/resized/180X200/restaurant%2F662729%2Frestaurant520201124094244.png,https://www.eazydiner.com//delhi-ncr/la-roca-worldmark-1-662729?deal_types[]=postpaid
Viet Nom,"Cyber Hub, Gurgaon",1500,"Beverages,Finger Food,Vietnamese,Pan Asian",5.0,https://d4t7t8y8xqo0t.cloudfront.net/resized/180X200/restaurant%2F663251%2Frestaurant420190525125847.jpg,https://www.eazydiner.com//delhi-ncr/vietnom-cyber-hub-gurgaon-663251?deal_types[]=postpaid
Made In Punjab,"Cyber Hub, Gurgaon",1500,"Biryani,North Indian",4.3,https://d4t7t8y8xqo0t.cloudfront.net/resized/180X200/restaurant%2F110106%2Frestaurant120160321122159.jpg,https://www.eazydiner.com//delhi-ncr/made-in-punjab-dlf-cyber-city-110106?deal_types[]=postpaid
Farmers Basket At Pluck,Pullman New Delhi Aerocity-An AccorHotels Brand,3000,"Chinese,European,Finger Food,North Indian,Modern Indian",4.5,https://d4t7t8y8xqo0t.cloudfront.net/resized/180X200/restaurant%2F600089%2Frestaurant120190329071930.jpg,https://www.eazydiner.com//delhi-ncr/pluck-pullman-new-delhi-aerocity-an-accorhotels-brand-igi-airport-600089?deal_types[]=postpaid
TEO - Lounge & Bar,"Punjabi Bagh, West Delhi",1200,"Beverages,Chinese,Finger Food,Italian,Mughlai,North Indian,Pizza,Multicuisine",4.1,https://d4t7t8y8xqo0t.cloudfront.net/resized/180X200/restaurant%2F670327%2Frestaurant420210212111747.jpg,https://www.eazydiner.com//delhi-ncr/teo-lounge-bar-punjabi-bagh-west-delhi-670327?deal_types[]=postpaid
WITC - Wok In The Clouds,"Connaught Place (CP), Central Delhi",2000,"Chinese,Indian",4.4,https://d4t7t8y8xqo0t.cloudfront.net/resized/180X200/restaurant%2F668405%2Frestaurant320190812072511.jpg,https://www.eazydiner.com//delhi-ncr/witc-wok-in-the-clouds-connaught-place-cp-central-delhi-668405?deal_types[]=postpaid
Clock Tower,"Golf Course Road, Gurgaon",2700,"Beverages,Finger Food,Italian,North Indian,Multicuisine,Asian,Continental",4.7,https://d4t7t8y8xqo0t.cloudfront.net/resized/180X200/restaurant%2F640404%2Frestaurant220190604102547.jpg,https://www.eazydiner.com//delhi-ncr/the-clock-tower-golf-course-road-gurgaon-640404?deal_types[]=postpaid
United Coffee House Rewind,"Epicuria Mall, Nehru Place",1000,"European,Mediterranean,North Indian",4.6,https://d4t7t8y8xqo0t.cloudfront.net/resized/180X200/restaurant%2F656324%2Frestaurant020180811111323.jpg,https://www.eazydiner.com//delhi-ncr/united-coffee-house-rewind-epicuria-mall-nehru-place-656324?deal_types[]=postpaid
AnnaMaya,"Andaz Delhi, Aerocity",3000,"European,Indian,Multicuisine,Asian,Continental,Cantonese",4.3,https://d4t7t8y8xqo0t.cloudfront.net/resized/180X200/restaurant%2F643599%2Frestaurant020170915131848.jpg,https://www.eazydiner.com//delhi-ncr/annamaya-andaz-delhi-aerocity-igi-airport-643599?deal_types[]=postpaid
Kheer,"Roseate House, New Delhi",6000,"Beverages,Finger Food,North Indian",4.4,https://d4t7t8y8xqo0t.cloudfront.net/resized/180X200/restaurant%2F648339%2Frestaurant120171004124859.jpg,https://www.eazydiner.com//delhi-ncr/kheer-roseate-house-new-delhi-648339?deal_types[]=postpaid
Underdoggs,Worldmark 2,2000,"Finger Food,Mexican,North Indian,Pizza,Multicuisine,Asian,Continental",4.3,https://d4t7t8y8xqo0t.cloudfront.net/resized/180X200/restaurant%2F657511%2Frestaurant220190307112322.jpeg,https://www.eazydiner.com//delhi-ncr/underdoggs-the-walk-worldmark-delhi-657511?deal_types[]=postpaid
The House Of Celeste,"32nd Milestone, Gurgaon",1600,Modern Indian,4.3,https://d4t7t8y8xqo0t.cloudfront.net/resized/180X200/restaurant%2F669949%2Frestaurant320201106070506.jpeg,https://www.eazydiner.com//delhi-ncr/the-house-of-celeste-32nd-milestone-gurgaon-669949?deal_types[]=postpaid
Ikk Panjab,"Rajouri Garden, West Delhi",1000,North Indian,4.3,https://d4t7t8y8xqo0t.cloudfront.net/resized/180X200/restaurant%2F653294%2Frestaurant020180410064318.jpg,https://www.eazydiner.com//delhi-ncr/ikk-panjab-rajouri-garden-west-delhi-653294?deal_types[]=postpaid
NYC,"Radisson Blu Plaza Delhi Airport, Mahipalpur",3000,"Finger Food,Italian,North Indian,Multicuisine,Continental",5.0,https://d4t7t8y8xqo0t.cloudfront.net/resized/180X200/restaurant%2F110982%2F0-01.jpg,https://www.eazydiner.com//delhi-ncr/new-york-cafe-radisson-blu-plaza-delhi-mahipalpur-delhi-110982?deal_types[]=postpaid
Molecule Air Bar,"Green Park, South Delhi",1800,"Beverages,Fast Food,Finger Food,North Indian,Pizza,Multicuisine,Asian",4.3,https://d4t7t8y8xqo0t.cloudfront.net/resized/180X200/restaurant%2F670182%2Frestaurant020200103111116.jpg,https://www.eazydiner.com//delhi-ncr/molecule-air-bar-green-park-south-delhi-670182?deal_types[]=postpaid
Sanadige – Fine Dine Restaurant,"Chanakyapuri, Central Delhi",2000,"Finger Food,Kerala,North Indian,Seafood,South Indian,Multicuisine",4.7,https://d4t7t8y8xqo0t.cloudfront.net/resized/180X200/restaurant%2F604750%2Frestaurant020160321195242.jpg,https://www.eazydiner.com//delhi-ncr/sanadige-chanakyapuri-central-delhi-604750?deal_types[]=postpaid
Wok In The Clouds,"Khan Market, Central Delhi",2000,"Beverages,Chinese,North Indian,Thai,Multicuisine,Continental",4.4,https://d4t7t8y8xqo0t.cloudfront.net/resized/180X200/restaurant%2F648241%2Frestaurant020170904121622.jpg,https://www.eazydiner.com//delhi-ncr/wok-in-the-clouds-khan-market-central-delhi-648241?deal_types[]=postpaid
The Barbeque Company,"Gardens Galleria Mall, Sector 38",1100,"Beverages,Desserts,Mughlai,North Indian,Barbeque",4.3,https://d4t7t8y8xqo0t.cloudfront.net/resized/180X200/restaurant%2F672173%2Frestaurant020201203103236.jpg,https://www.eazydiner.com//delhi-ncr/the-barbeque-company-gardens-galleria-672173?deal_types[]=postpaid
Plum by Bent Chair,"Aerocity, South Delhi",1800,"Beverages,Chinese,Finger Food,Japanese,Sushi,Thai,Pan Asian,Asian",4.4,https://d4t7t8y8xqo0t.cloudfront.net/resized/180X200/restaurant%2F658290%2Frestaurant020190115103805.jpg,https://www.eazydiner.com//delhi-ncr/plum-by-bent-chair-aerocity-south-delhi-658290?deal_types[]=postpaid
Moti Mahal Delux,"South Extension 2, South Delhi",1400,"Chinese,Mughlai,North Indian",5.0,https://d4t7t8y8xqo0t.cloudfront.net/resized/180X200/restaurant%2F119802%2Frestaurant520190219090553.jpeg,https://www.eazydiner.com//delhi-ncr/moti-mahal-delux-south-extension-2-119802?deal_types[]=postpaid
Olly- Olive's All Day Cafe & Bar,"Cyber Hub, Gurgaon",1400,"Cafe,European,Mediterranean,Pizza,Continental",5.0,https://d4t7t8y8xqo0t.cloudfront.net/resized/180X200/restaurant%2F653266%2Frestaurant420200929102826.jpg,https://www.eazydiner.com//delhi-ncr/olly-olives-all-day-cafe-cyber-hub-gurgaon-653266?deal_types[]=postpaid
Ministry Of Beer,"Connaught Place (CP), Central Delhi",1500,Multicuisine,4.3,https://d4t7t8y8xqo0t.cloudfront.net/resized/180X200/restaurant%2F644409%2Frestaurant020211217051456.jpg,https://www.eazydiner.com//delhi-ncr/ministry-of-beer-connaught-place-cp-central-delhi-644409?deal_types[]=postpaid
Out Of The Box,"Khan Market, Central Delhi",1500,Multicuisine,4.5,https://d4t7t8y8xqo0t.cloudfront.net/resized/180X200/restaurant%2F110358%2Frestaurant320180423130712.jpg,https://www.eazydiner.com//delhi-ncr/out-of-the-box-khan-market-110358?deal_types[]=postpaid
Bo Tai,"Mehrauli, South Delhi",3000,"Beverages,Finger Food,Japanese,Sushi,Thai,Fusion,Asian",4.5,https://d4t7t8y8xqo0t.cloudfront.net/resized/180X200/restaurant%2F653344%2Frestaurant020190620135333.jpg,https://www.eazydiner.com//delhi-ncr/bo-tai-mehrauli-south-delhi-653344?deal_types[]=postpaid
The Creative Kitchen,"Radisson, Noida",2900,Multicuisine,4.4,https://d4t7t8y8xqo0t.cloudfront.net/resized/180X200/restaurant%2F648361%2Frestaurant020171011114125.jpg,https://www.eazydiner.com//delhi-ncr/the-creative-kitchen-radisson-noida-648361?deal_types[]=postpaid
On Kourse All Day Dining,"Karma Lakelands, Manesar",1000,Multicuisine,4.4,https://d4t7t8y8xqo0t.cloudfront.net/resized/180X200/restaurant%2F668902%2Frestaurant020190906074818.jpeg,https://www.eazydiner.com//delhi-ncr/on-kourse-all-day-dining-karma-lakelands-manesar-668902?deal_types[]=postpaid
The Eatery,Four Points by Sheraton,2200,Multicuisine,4.3,https://d4t7t8y8xqo0t.cloudfront.net/resized/180X200/restaurant%2F613881%2Frestaurant020160606160008.jpg,https://www.eazydiner.com//delhi-ncr/the-eatery-four-points-by-sheraton-613881?deal_types[]=postpaid
Local,"Connaught Place (CP), Central Delhi",1200,"Finger Food,Italian,Mughlai,North Indian,Pizza,Street Food,Multicuisine,Continental",4.1,https://d4t7t8y8xqo0t.cloudfront.net/resized/180X200/restaurant%2F644716%2Frestaurant020170803073843.jpg,https://www.eazydiner.com//delhi-ncr/local-connaught-place-cp-central-delhi-644716?deal_types[]=postpaid
Ophelia,"The Ashok, New Delhi",2000,"European,Finger Food,Italian,Mediterranean,Pizza,Turkish",4.5,https://d4t7t8y8xqo0t.cloudfront.net/resized/180X200/restaurant%2F671931%2Frestaurant020201007080311.jpg,https://www.eazydiner.com//delhi-ncr/ophelia-the-ashok-new-delhi-671931?deal_types[]=postpaid
Warehouse Cafe,"Sector 29, Gurgaon",1600,Cocktail Menu,4.1,https://d4t7t8y8xqo0t.cloudfront.net/resized/180X200/restaurant%2F121542%2Frestaurant020151221175246.jpg,https://www.eazydiner.com//delhi-ncr/warehouse-cafe-sector-29-gurgaon-121542?deal_types[]=postpaid
Farzi Cafe,"Cyber Hub, Gurgaon",1800,Modern Indian,4.2,https://d4t7t8y8xqo0t.cloudfront.net/resized/180X200/restaurant%2F110037%2FRestaurant_Main%2BPhoto-01.jpg,https://www.eazydiner.com//delhi-ncr/farzi-cafe-dlf-cyber-city-110037?deal_types[]=postpaid
Ziu Bā,"Ardee Mall, Ardee City",1100,"Chinese,Japanese,Sushi,Thai,Pan Asian",4.8,https://d4t7t8y8xqo0t.cloudfront.net/resized/180X200/restaurant%2F672132%2Frestaurant020201118114857.jpg,https://www.eazydiner.com//delhi-ncr/ziu-ba-ardee-mall-ardee-city-672132?deal_types[]=postpaid
The Drunken Botanist,"DLF Cyber City, Gurgaon",1500,"Chinese,European,Finger Food,Italian,North Indian,Pizza,Continental",4.3,https://d4t7t8y8xqo0t.cloudfront.net/resized/180X200/restaurant%2F653381%2Frestaurant020180511132249.jpg,https://www.eazydiner.com//delhi-ncr/the-drunken-botanist-dlf-cyber-city-gurgaon-653381?deal_types[]=postpaid
Lazeez Affaire,"Connaught Place (CP), Central Delhi",1600,"Biryani,Finger Food,Mughlai,North Indian",4.3,https://d4t7t8y8xqo0t.cloudfront.net/resized/180X200/restaurant%2F648245%2Frestaurant420170906144222.jpg,https://www.eazydiner.com//delhi-ncr/lazeez-affaire-connaught-place-cp-central-delhi-648245?deal_types[]=postpaid
SodaBottleOpenerWala,"DLF Mall of India, Sector 18, Noida",1300,Parsi,4.3,https://d4t7t8y8xqo0t.cloudfront.net/resized/180X200/restaurant%2F613682%2Frestaurant020171010103020.jpg,https://www.eazydiner.com//delhi-ncr/sodabottleopenerwala-sector-18-noida-613682?deal_types[]=postpaid
DRAMZ,"Mehrauli, South Delhi",3000,"European,Italian,North Indian,Cocktail Menu,Continental",4.1,https://d4t7t8y8xqo0t.cloudfront.net/resized/180X200/restaurant%2F111510%2Frestaurant220180307055336.jpg,https://www.eazydiner.com//delhi-ncr/dramz-whiskey-bar-lounge-mehrauli-111510?deal_types[]=postpaid
The Imperial Spice,"Connaught Place (CP), Central Delhi",2000,"European,Indian,North Indian,Multicuisine",4.4,https://d4t7t8y8xqo0t.cloudfront.net/resized/180X200/restaurant%2F656222%2Frestaurant420180802050846.jpg,https://www.eazydiner.com//delhi-ncr/the-imperial-spice-connaught-place-cp-central-delhi-656222?deal_types[]=postpaid
Cafe G,"Crowne Plaza, Gurgaon",2300,All Day Dining,4.7,https://d4t7t8y8xqo0t.cloudfront.net/resized/180X200/restaurant%2F111731%2Frestaurant020171010093600.jpg,https://www.eazydiner.com//delhi-ncr/cafe-g-sector-29-111731?deal_types[]=postpaid
Dasaprakash,"Sector 104, Noida",700,"Chinese,Desserts,North Indian,South Indian",5.0,https://d4t7t8y8xqo0t.cloudfront.net/resized/180X200/restaurant%2F669735%2Frestaurant020191119125907.jpg,https://www.eazydiner.com//delhi-ncr/dasaprakash-sector-104-noida-669735?deal_types[]=postpaid
QBA,"Connaught Place (CP), Central Delhi",1500,Multicuisine,4.4,https://d4t7t8y8xqo0t.cloudfront.net/resized/180X200/restaurant%2F110031%2Frestaurant220210702075038.jpg,https://www.eazydiner.com//delhi-ncr/qba-connaught-place-110031?deal_types[]=postpaid
Station Bar,"Connaught Place (CP), Central Delhi",1700,"European,Mediterranean,North Indian,Pan Asian",4.2,https://d4t7t8y8xqo0t.cloudfront.net/resized/180X200/restaurant%2F658156%2Frestaurant120181217110836.jpg,https://www.eazydiner.com//delhi-ncr/station-bar-connaught-place-cp-central-delhi-658156?deal_types[]=postpaid
The Wine Company,"Cyber Hub, Gurgaon",1900,Casual Eclectic,4.4,https://d4t7t8y8xqo0t.cloudfront.net/resized/180X200/restaurant%2F110050%2Frestaurant020160304092606.jpg,https://www.eazydiner.com//delhi-ncr/the-wine-company-dlf-cyber-city-110050?deal_types[]=postpaid
Green House - The Beer Garden,"Eros City Square Mall, Gurgaon",2000,Finger Food,4.5,https://d4t7t8y8xqo0t.cloudfront.net/resized/180X200/restaurant%2F661786%2Frestaurant020190131124913.jpg,https://www.eazydiner.com//delhi-ncr/green-house-the-beer-garden-eros-city-square-mall-gurgaon-661786?deal_types[]=postpaid
The Culinary Court,"Park Ascent, Noida",2000,North Indian,5.0,https://d4t7t8y8xqo0t.cloudfront.net/resized/180X200/restaurant%2F111210%2Frestaurant220170926111241.jpg,https://www.eazydiner.com//delhi-ncr/the-culinary-court-park-ascent-sector-62-111210?deal_types[]=postpaid
FIO Cookhouse and Bar,"Nehru Place, South Delhi",2700,"Salad,European,Finger Food,Healthy Food,Italian,Pizza",5.0,https://d4t7t8y8xqo0t.cloudfront.net/resized/180X200/restaurant%2F110315%2Frestaurant220190227065630.jpg,https://www.eazydiner.com//delhi-ncr/fio-cookhouse-and-bar-nehru-place-110315?deal_types[]=postpaid
Liv Bar,Worldmark 1,1400,"Beverages,European,Italian,Continental",4.6,https://d4t7t8y8xqo0t.cloudfront.net/resized/180X200/restaurant%2F658205%2Frestaurant020181222085602.jpg,https://www.eazydiner.com//delhi-ncr/liv-bar-worldmark-1-658205?deal_types[]=postpaid
Laidback Cafe,"Greater Kailash (GK) 2, South Delhi",2000,Multicuisine,4.4,https://d4t7t8y8xqo0t.cloudfront.net/resized/180X200/restaurant%2F648278%2Frestaurant220210114082357.jpg,https://www.eazydiner.com//delhi-ncr/the-laidback-cafe-greater-kailash-gk-1-south-delhi-648278?deal_types[]=postpaid
CAD Techbar & Craftkitchen,"32nd Milestone, Gurgaon",1800,Modern Indian,4.2,https://d4t7t8y8xqo0t.cloudfront.net/resized/180X200/restaurant%2F661780%2Frestaurant020190131093931.jpg,https://www.eazydiner.com//delhi-ncr/cad-techbar-craftkitchen-32nd-milestone-gurgaon-661780?deal_types[]=postpaid
Fifty9,"Radisson Blu Marina, New Delhi",2500,Multicuisine,4.9,https://d4t7t8y8xqo0t.cloudfront.net/resized/180X200/restaurant%2F111309%2Frestaurant020190924075739.jpg,https://www.eazydiner.com//delhi-ncr/fifty9-radisson-blu-marina-connaught-place-cp-111309?deal_types[]=postpaid
The Barbeque Company,"Karkardooma, East Delhi",1200,"Multicuisine,Barbeque",4.4,https://d4t7t8y8xqo0t.cloudfront.net/resized/180X200/restaurant%2F637774%2Frestaurant420170722113309.jpg,https://www.eazydiner.com//delhi-ncr/the-barbeque-company-karkardooma-east-delhi-637774?deal_types[]=postpaid
Downtown Kitchen & Bar,"Courtyard By Marriott, Gurgaon",2700,Multicuisine,4.1,https://d4t7t8y8xqo0t.cloudfront.net/resized/180X200/restaurant%2F643534%2Frestaurant620201208094023.jpg,https://www.eazydiner.com//delhi-ncr/downtown-kitchen-bar-courtyard-by-marriott-sushant-lok-643534?deal_types[]=postpaid
Bagundi,"Connaught Place (CP), Central Delhi",800,Multicuisine,4.7,https://d4t7t8y8xqo0t.cloudfront.net/resized/180X200/restaurant%2F657256%2Frestaurant520180918055632.jpg,https://www.eazydiner.com//delhi-ncr/bagundi-connaught-place-cp-central-delhi-657256?deal_types[]=postpaid
The Flying Dutchman,"Indirapuram, Ghaziabad",800,"Chinese,Finger Food,Italian,North Indian,Pizza,Multicuisine,Continental",4.4,https://d4t7t8y8xqo0t.cloudfront.net/resized/180X200/restaurant%2F653495%2Frestaurant020180517134459.jpg,https://www.eazydiner.com//delhi-ncr/the-flying-dutchman-indirapuram-ghaziabad-653495?deal_types[]=postpaid
One8 Commune,Worldmark 2,2000,"Beverages,Finger Food,North Indian,Multicuisine,Asian,Continental",4.4,https://d4t7t8y8xqo0t.cloudfront.net/resized/180X200/restaurant%2F666334%2Frestaurant420190802133154.jpg,https://www.eazydiner.com//delhi-ncr/one8-commune-worldmark-2-666334
Biryani By Kilo,"Connaught Place (CP), Central Delhi",700,Biryani,5.0,https://d4t7t8y8xqo0t.cloudfront.net/resized/180X200/restaurant%2F672093%2Frestaurant020201211090416.png,https://www.eazydiner.com//delhi-ncr/biryani-by-kilo-connaught-place-cp-central-delhi-672093?deal_types[]=postpaid
Brewocrat - Brewery Skybar & Kitchen,"South City 2, Gurgaon",2000,Multicuisine,4.5,https://d4t7t8y8xqo0t.cloudfront.net/resized/180X200/restaurant%2F662828%2Frestaurant1120191108125322.jpg,https://www.eazydiner.com//delhi-ncr/brewocrat-brewery-skybar-kitchen-south-city-2-gurgaon-662828?deal_types[]=postpaid
World of Shalom,"R K Puram, South Delhi",2000,Multicuisine,4.4,https://d4t7t8y8xqo0t.cloudfront.net/resized/180X200/restaurant%2F669615%2Frestaurant020210114082023.jpg,https://www.eazydiner.com//delhi-ncr/laidback-cafe-r-k-puram-south-delhi-669615?deal_types[]=postpaid
Kwality,"Connaught Place (CP), Central Delhi",1500,"Beverages,Desserts,Fast Food,Finger Food,Mughlai,North Indian",5.0,https://d4t7t8y8xqo0t.cloudfront.net/resized/180X200/restaurant%2F111268%2Frestaurant320201209110800.jpg,https://www.eazydiner.com//delhi-ncr/kwality-connaught-place-111268?deal_types[]=postpaid
Seasonal Tastes,"The Westin, Gurgaon",4500,"Desserts,Finger Food,Japanese,North Indian,Sushi,Thai,Multicuisine,Asian",5.0,https://d4t7t8y8xqo0t.cloudfront.net/resized/180X200/restaurant%2F110544%2Frestaurant120191213055430.jpg,https://www.eazydiner.com//delhi-ncr/seasonal-tastes-the-westin-sector-29-110544?deal_types[]=postpaid
Curry House CoCo Ichibanya,"DLF Cyber City, Gurgaon",1000,"Japanese,Pan Asian",4.7,https://d4t7t8y8xqo0t.cloudfront.net/resized/180X200/restaurant%2F671892%2Frestaurant120210122083328.jpg,https://www.eazydiner.com//delhi-ncr/curry-house-coco-ichibanya-dlf-cyber-city-gurgaon-671892?deal_types[]=postpaid
Deck Of Spices,"Kirti Nagar, West Delhi",1100,Multicuisine,4.9,https://d4t7t8y8xqo0t.cloudfront.net/resized/180X200/restaurant%2F657678%2Frestaurant1020181112064030.jpg,https://www.eazydiner.com//delhi-ncr/deck-of-spices-kirti-nagar-west-delhi-657678?deal_types[]=postpaid
Local,"Sector 29, Gurgaon",1500,Multicuisine,4.1,https://d4t7t8y8xqo0t.cloudfront.net/resized/180X200/restaurant%2F669489%2Frestaurant020191026110357.jpg,https://www.eazydiner.com//delhi-ncr/local-sector-29-gurgaon-669489?deal_types[]=postpaid
Openhouse Cafe,"Connaught Place (CP), Central Delhi",2000,"Biryani,Chinese,Fast Food,Italian,North Indian,Multicuisine",4.4,https://d4t7t8y8xqo0t.cloudfront.net/resized/180X200/restaurant%2F121323%2Frestaurant020220316052340.jpg,https://www.eazydiner.com//delhi-ncr/open-house-connaught-place-cp-new-delhi-121323?deal_types[]=postpaid
Ziu,"R K Puram, South Delhi",1500,Thai,4.6,https://d4t7t8y8xqo0t.cloudfront.net/resized/180X200/restaurant%2F121505%2Frestaurant020160512150443.jpg,https://www.eazydiner.com//delhi-ncr/ziu-r-k-puram-new-delhi-121505?deal_types[]=postpaid
The Piano Man Jazz Club,"Safdarjung, South Delhi",1800,Casual Eclectic,4.6,https://d4t7t8y8xqo0t.cloudfront.net/resized/180X200/restaurant%2F121411%2Frestaurant620180817060138.jpg,https://www.eazydiner.com//delhi-ncr/the-piano-man-jazz-club-safdarjung-121411?deal_types[]=postpaid
Chapter Twelve,"Sector 12, Faridabad",1500,Multicuisine,4.4,https://d4t7t8y8xqo0t.cloudfront.net/resized/180X200/restaurant%2F663475%2Frestaurant520190611082109.jpg,https://www.eazydiner.com//delhi-ncr/chapter-twelve-sector-12-faridabad-663475?deal_types[]=postpaid
The Great Kabab Factory,"Radisson Blu Plaza Delhi Airport, Mahipalpur",3500,"Biryani,Mughlai,North Indian,Kababs",5.0,https://d4t7t8y8xqo0t.cloudfront.net/resized/180X200/restaurant%2F110178%2F0-01.jpg,https://www.eazydiner.com//delhi-ncr/the-great-kabab-factory-radisson-blu-plaza-delhi-mahipalpur-delhi-110178?deal_types[]=postpaid
Unplugged Courtyard,"Connaught Place (CP), Central Delhi",1700,"European,Finger Food,Italian,North Indian,Pan Asian,Momos,Continental",4.1,https://d4t7t8y8xqo0t.cloudfront.net/resized/180X200/restaurant%2F121540%2Frestaurant020190821080044.png,https://www.eazydiner.com//delhi-ncr/unplugged-courtyard-connaught-place-new-delhi-121540?deal_types[]=postpaid
The Piano Man,"32nd Milestone, Gurgaon",2500,"Beverages,European,Finger Food,Italian,Mexican,Asian",4.3,https://d4t7t8y8xqo0t.cloudfront.net/resized/180X200/restaurant%2F670560%2Frestaurant320200213130045.jpg,https://www.eazydiner.com//delhi-ncr/the-piano-man-32nd-milestone-gurgaon-670560?deal_types[]=postpaid
Cafe High5,"Connaught Place (CP), Central Delhi",1200,Multicuisine,4.2,https://d4t7t8y8xqo0t.cloudfront.net/resized/180X200/restaurant%2F669646%2Frestaurant420191115064335.jpg,https://www.eazydiner.com//delhi-ncr/mkob-my-kind-of-bar-connaught-place-cp-central-delhi-669646?deal_types[]=postpaid
Gola Sizzlers,"Connaught Place (CP), Central Delhi",1500,"Beverages,Chinese,Fast Food,Finger Food,Italian,Mughlai,North Indian,Multicuisine",4.3,https://d4t7t8y8xqo0t.cloudfront.net/resized/180X200/restaurant%2F110349%2Frestaurant420170916094608.jpg,https://www.eazydiner.com//delhi-ncr/gola-sizzlers-connaught-place-110349?deal_types[]=postpaid
MAD Restaurant,"Rajouri Garden, West Delhi",700,"European,North Indian,Spanish,Asian",4.9,https://d4t7t8y8xqo0t.cloudfront.net/resized/180X200/restaurant%2F672210%2Frestaurant020201216113309.jpg,https://www.eazydiner.com//delhi-ncr/mad-restaurant-rajouri-garden-west-delhi-672210?deal_types[]=postpaid
Kinbuck 2 Cafe & Bar,"Connaught Place (CP), Central Delhi",1200,"Chinese,Italian,Lebanese,Mexican,North Indian",4.2,https://d4t7t8y8xqo0t.cloudfront.net/resized/180X200/restaurant%2F121200%2Frestaurant020191116061504.jpg,https://www.eazydiner.com//delhi-ncr/kinbuck-2-connaught-place-121200?deal_types[]=postpaid
Kitchen District,"Hyatt Regency, Gurgaon",2400,All Day Dining,4.2,https://d4t7t8y8xqo0t.cloudfront.net/resized/180X200/restaurant%2F116086%2Frestaurant020190527104934.jpg,https://www.eazydiner.com//delhi-ncr/kitchen-district-hyatt-regency-sector-83-116086?deal_types[]=postpaid
Filmy Bar & Cafe,"Paharganj, Central Delhi",1200,Multicuisine,5.0,https://d4t7t8y8xqo0t.cloudfront.net/resized/180X200/restaurant%2F683515%2Frestaurant020220511105308.jpeg,https://www.eazydiner.com//delhi-ncr/filmy-bar-cafe-paharganj-central-delhi-683515?deal_types[]=postpaid
Desi Vibes,"Sector 18, Noida",1300,"Mughlai,North Indian",5.0,https://d4t7t8y8xqo0t.cloudfront.net/resized/180X200/restaurant%2F110092%2Frestaurant020170626101659.jpg,https://www.eazydiner.com//delhi-ncr/desi-vibes-sector-18-noida-110092?deal_types[]=postpaid
Miss Nora,"Rajouri Garden, West Delhi",1500,Pan Asian,5.0,https://d4t7t8y8xqo0t.cloudfront.net/resized/180X200/restaurant%2F670088%2Frestaurant1020191226100652.jpg,https://www.eazydiner.com//delhi-ncr/miss-nora-rajouri-garden-west-delhi-670088?deal_types[]=postpaid
Lost Lemons,"Sector 29, Gurgaon",1600,Multicuisine,4.2,https://d4t7t8y8xqo0t.cloudfront.net/resized/180X200/restaurant%2F670333%2Frestaurant120200130103002.jpg,https://www.eazydiner.com//delhi-ncr/lost-lemons-sector-29-gurgaon-670333?deal_types[]=postpaid
The Great Kabab Factory,"Radisson Blu Marina, New Delhi",2600,"Biryani,North Indian",4.4,https://d4t7t8y8xqo0t.cloudfront.net/resized/180X200/restaurant%2F110542%2Frestaurant020180516094733.jpg,https://www.eazydiner.com//delhi-ncr/the-great-kabab-factory-radisson-blu-marina-connaught-place-cp-110542?deal_types[]=postpaid
Lord of the Drinks,"Connaught Place (CP), Central Delhi",1800,"Chinese,European,Finger Food,Italian,North Indian,Cocktail Menu,Multicuisine",4.2,https://d4t7t8y8xqo0t.cloudfront.net/resized/180X200/restaurant%2F121379%2Frestaurant220160521112934.jpg,https://www.eazydiner.com//delhi-ncr/lord-of-the-drinks-connaught-place-121379?deal_types[]=postpaid
In The Punjab,"Greater Kailash (GK) 2, South Delhi",1500,North Indian,4.5,https://d4t7t8y8xqo0t.cloudfront.net/resized/180X200/restaurant%2F110360%2Frestaurant720191128102134.jpg,https://www.eazydiner.com//delhi-ncr/in-the-punjab-greater-kailash-gk-1-delhi-110360?deal_types[]=postpaid
Mandarin Trail,"The Great India Place Mall, Noida",1600,"Chinese,Pan Asian,Thai,Multicuisine",4.4,https://d4t7t8y8xqo0t.cloudfront.net/resized/180X200/restaurant%2F110803%2Frestaurant020170306110308.jpg,https://www.eazydiner.com//delhi-ncr/mandarin-trail-sector-38-noida-110803?deal_types[]=postpaid
The Bikers Cafe,"Golf Course Road, Gurgaon",1000,Cafe,5.0,https://d4t7t8y8xqo0t.cloudfront.net/resized/180X200/restaurant%2F121556%2Frestaurant620210412115416.jpg,https://www.eazydiner.com//delhi-ncr/the-bikers-cafe-sector-54-gurgaon-121556?deal_types[]=postpaid
Michigan Taps,"Global Foyer Mall, Gurgaon",1300,"American,European,Mediterranean,North Indian,Asian",4.4,https://d4t7t8y8xqo0t.cloudfront.net/resized/180X200/restaurant%2F672137%2Frestaurant320210112095029.jpg,https://www.eazydiner.com//delhi-ncr/michigan-taps-global-foyer-mall-gurgaon-672137?deal_types[]=postpaid
Brat House,"Karol Bagh, Central Delhi",1200,Multicuisine,4.3,https://d4t7t8y8xqo0t.cloudfront.net/resized/180X200/restaurant%2F683229%2Frestaurant020220409113029.jpg,https://www.eazydiner.com//delhi-ncr/brat-house-karol-bagh-central-delhi-683229?deal_types[]=postpaid
Indian Grill Room,"Golf Course Road, Gurgaon",2200,North Indian,4.4,https://d4t7t8y8xqo0t.cloudfront.net/resized/180X200/restaurant%2F110115%2F9284_restaurant%2Bcover%2Bimage2-01.jpg,https://www.eazydiner.com//delhi-ncr/indian-grill-room-golf-course-road-110115?deal_types[]=postpaid
Foxtrot,"Cyber Hub, Gurgaon",1800,Multicuisine,4.5,https://d4t7t8y8xqo0t.cloudfront.net/resized/180X200/restaurant%2F663218%2Frestaurant020190717141719.jpg,https://www.eazydiner.com//delhi-ncr/foxtrot-cyber-hub-gurgaon-663218?deal_types[]=postpaid
Unplugged Courtyard,"Udyog Vihar, Gurgaon",1500,"European,Italian,North Indian,Multicuisine,Pan Asian",4.6,https://d4t7t8y8xqo0t.cloudfront.net/resized/180X200/restaurant%2F658212%2Frestaurant020190821075642.png,https://www.eazydiner.com//delhi-ncr/unplugged-courtyard-udyog-vihar-gurgaon-658212?deal_types[]=postpaid
Anglow,"Khan Market, Central Delhi",2000,"Modern Indian,Regional Indian",4.1,https://d4t7t8y8xqo0t.cloudfront.net/resized/180X200/restaurant%2F661896%2Frestaurant120190209084336.jpg,https://www.eazydiner.com//delhi-ncr/anglow-khan-market-central-delhi-661896?deal_types[]=postpaid
La La Land,"Global Foyer Mall, Gurgaon",2000,Multicuisine,4.5,https://d4t7t8y8xqo0t.cloudfront.net/resized/180X200/restaurant%2F662672%2Frestaurant120190405053439.jpg,https://www.eazydiner.com//delhi-ncr/la-la-land-brew-pub-global-foyer-mall-gurgaon-662672?deal_types[]=postpaid
Food Exchange,Novotel New Delhi Aerocity-An AccorHotels Brand,1600,Multicuisine,4.1,https://d4t7t8y8xqo0t.cloudfront.net/resized/180X200/restaurant%2F600092%2Frestaurant220200903064717.jpg,https://www.eazydiner.com//delhi-ncr/food-exchange-novotel-new-delhi-aerocity-an-accorhotels-brand-igi-airport-600092?deal_types[]=postpaid
Tamarind Kitchen,"Sector 104, Noida",1200,Multicuisine,4.8,https://d4t7t8y8xqo0t.cloudfront.net/resized/180X200/restaurant%2F682789%2Frestaurant020220225082349.jpg,https://www.eazydiner.com//delhi-ncr/tamarind-kitchen-sector-104-noida-682789?deal_types[]=postpaid
High Bae,"Delhi Cantt., South Delhi",1200,Multicuisine,4.5,https://d4t7t8y8xqo0t.cloudfront.net/resized/180X200/restaurant%2F670846%2Frestaurant020200318081245.jpg,https://www.eazydiner.com//delhi-ncr/high-bae-chanakyapuri-central-delhi-670846?deal_types[]=postpaid
Jamie's Italian,"Ambience Mall, Vasant Kunj",1500,Italian,4.4,https://d4t7t8y8xqo0t.cloudfront.net/resized/180X200/restaurant%2F121475%2Frestaurant020190214121333.jpg,https://www.eazydiner.com//delhi-ncr/jamies-italian-ambience-mall-vasant-kunj-121475?deal_types[]=postpaid
Pavilion 75,"WelcomHotel Dwarka, New Delhi",2500,Multicuisine,4.4,https://d4t7t8y8xqo0t.cloudfront.net/resized/180X200/restaurant%2F111389%2Frestaurant120210915082939.jpg,https://www.eazydiner.com//delhi-ncr/pavilion-75-welcomhotel-dwarka-111389?deal_types[]=postpaid
Nook,Aloft Hotel Aerocity New Delhi,1800,Multicuisine,4.4,https://d4t7t8y8xqo0t.cloudfront.net/resized/180X200/restaurant%2F656443%2Frestaurant020180811115435.jpg,https://www.eazydiner.com//delhi-ncr/the-nook-aloft-hotel-aerocity-new-delhi-656443?deal_types[]=postpaid
Diablo,"Mehrauli, South Delhi",2000,"Finger Food,Mediterranean,Turkish,Iranian",4.1,https://d4t7t8y8xqo0t.cloudfront.net/resized/180X200/restaurant%2F670672%2Frestaurant320200801080504.jpeg,https://www.eazydiner.com//delhi-ncr/diablo-mehrauli-south-delhi-670672?deal_types[]=postpaid
Broadway,"Radisson Blu, Faridabad",3000,Multicuisine,5.0,https://d4t7t8y8xqo0t.cloudfront.net/resized/180X200/restaurant%2F644019%2Frestaurant320191031111459.jpg,https://www.eazydiner.com//delhi-ncr/broadway-radisson-blu-mathura-road-644019?deal_types[]=postpaid
Suroor Reloaded,"Rajouri Garden, West Delhi",1200,Multicuisine,3.9,https://d4t7t8y8xqo0t.cloudfront.net/resized/180X200/restaurant%2F648331%2Frestaurant420190416072910.jpeg,https://www.eazydiner.com//delhi-ncr/suroor-rajouri-garden-west-delhi-648331?deal_types[]=postpaid
My Tea Chapel,"DLF South Point Mall, Golf Course Road",595,"Cafe,Coffee and Tea",4.7,https://d4t7t8y8xqo0t.cloudfront.net/resized/180X200/restaurant%2F672176%2Frestaurant020201208064611.jpeg,https://www.eazydiner.com//delhi-ncr/my-tea-chapel-dlf-south-point-mall-golf-course-road-672176?deal_types[]=postpaid
Kiara Soul Kitchen,"Greater Kailash (GK) 2, South Delhi",1600,"Indian,Pan Asian",4.8,https://d4t7t8y8xqo0t.cloudfront.net/resized/180X200/restaurant%2F653446%2Frestaurant020211211044450.jpg,https://www.eazydiner.com//delhi-ncr/kiara-soul-kitchen-greater-kailash-gk-2-south-delhi-653446?deal_types[]=postpaid
Prego,"The Westin, Gurgaon",3000,Italian,4.3,https://d4t7t8y8xqo0t.cloudfront.net/resized/180X200/restaurant%2F110474%2Frestaurant020180320101455.jpg,https://www.eazydiner.com//delhi-ncr/prego-the-westin-sector-29-110474?deal_types[]=postpaid
REVE,"The Walk, Worldmark Delhi",1500,"French,Italian,Spanish,Continental",4.7,https://d4t7t8y8xqo0t.cloudfront.net/resized/180X200/restaurant%2F657498%2Frestaurant220201019102216.jpg,https://www.eazydiner.com//delhi-ncr/reve-worldmark-1-657498?deal_types[]=postpaid
The Junkyard Cafe,"Connaught Place (CP), Central Delhi",1800,"Finger Food,Mediterranean,North Indian,Thai,Casual Eclectic,Momos,Asian,Salad",3.8,https://d4t7t8y8xqo0t.cloudfront.net/resized/180X200/restaurant%2F121497%2F6223_2-01.jpg,https://www.eazydiner.com//delhi-ncr/the-junkyard-cafe-connaught-place-121497?deal_types[]=postpaid
Nanking,"Vasant Kunj, South Delhi",1500,Chinese,4.6,https://d4t7t8y8xqo0t.cloudfront.net/resized/180X200/restaurant%2F110539%2Frestaurant420201103112227.jpeg,https://www.eazydiner.com//delhi-ncr/nanking-vasant-kunj-110539?deal_types[]=postpaid
Pind Balluchi,"Netaji Subhash Place, North Delhi",1000,North Indian,4.1,https://d4t7t8y8xqo0t.cloudfront.net/resized/180X200/restaurant%2F119488%2Frestaurant220200930085257.jpg,https://www.eazydiner.com//delhi-ncr/pind-balluchi-netaji-subhash-place-119488?deal_types[]=postpaid
Qubitos - The Terrace Cafe,"Rajouri Garden, West Delhi",1600,Multicuisine,4.0,https://d4t7t8y8xqo0t.cloudfront.net/resized/180X200/restaurant%2F121501%2Frestaurant220210320114613.jpg,https://www.eazydiner.com//delhi-ncr/qubitos-the-terrace-cafe-rajouri-garden-121501?deal_types[]=postpaid
The Immigrant Cafe,"Connaught Place (CP), Central Delhi",1200,Multicuisine,4.4,https://d4t7t8y8xqo0t.cloudfront.net/resized/180X200/restaurant%2F121253%2Frestaurant020170921095144.jpg,https://www.eazydiner.com//delhi-ncr/cafe-immigrant-cannaught-place-121253?deal_types[]=postpaid
7 Old Town,"Hauz Khas, South Delhi",1500,"Chinese,European,North Indian,Pan Asian,Asian,Continental",4.5,https://d4t7t8y8xqo0t.cloudfront.net/resized/180X200/restaurant%2F670668%2Frestaurant320210823041615.jpg,https://www.eazydiner.com//delhi-ncr/7-old-town-aurobindo-marg-south-delhi-670668?deal_types[]=postpaid
38 Barracks,"Connaught Place (CP), Central Delhi",1100,Multicuisine,4.5,https://d4t7t8y8xqo0t.cloudfront.net/resized/180X200/restaurant%2F604748%2Frestaurant020180208040439.jpg,https://www.eazydiner.com//delhi-ncr/38-barracks-connaught-place-cp-central-delhi-604748?deal_types[]=postpaid
Sura Vie,"Punjabi Bagh, West Delhi",1800,Multicuisine,4.2,https://d4t7t8y8xqo0t.cloudfront.net/resized/180X200/restaurant%2F656207%2Frestaurant020210413084435.jpg,https://www.eazydiner.com//delhi-ncr/sura-vie-punjabi-bagh-west-delhi-656207?deal_types[]=postpaid
Mist,"The Park, New Delhi",2100,Casual Eclectic,5.0,https://d4t7t8y8xqo0t.cloudfront.net/resized/180X200/restaurant%2F111071%2Frestaurant020191211070428.jpg,https://www.eazydiner.com//delhi-ncr/mist-the-park-connaught-place-cp-111071?deal_types[]=postpaid
Friction,"Sector 29, Gurgaon",1500,Finger Food,4.2,https://d4t7t8y8xqo0t.cloudfront.net/resized/180X200/restaurant%2F648282%2Frestaurant020190606121009.jpg,https://www.eazydiner.com//delhi-ncr/friction-the-drinkery-sector-29-gurgaon-648282?deal_types[]=postpaid
Dasaprakash,"Ashok Vihar Phase 2, North Delhi",800,South Indian,4.2,https://d4t7t8y8xqo0t.cloudfront.net/resized/180X200/restaurant%2F682174%2Frestaurant020211123081541.jpeg,https://www.eazydiner.com//delhi-ncr/dasaprakash-ashok-vihar-phase-2-north-delhi-682174?deal_types[]=postpaid
Dhaba - Estd 1986 Delhi,Worldmark 2,1200,North Indian,4.0,https://d4t7t8y8xqo0t.cloudfront.net/resized/180X200/group%2F30%2Fmenu020210518095052.jpg,https://www.eazydiner.com//delhi-ncr/dhaba-estd-1986-delhi-worldmark-2-661800?deal_types[]=postpaid
Anardana Modern Kitchen and Bar,"Vikas Marg, East Delhi",1500,"Chinese,Modern Indian",4.4,https://d4t7t8y8xqo0t.cloudfront.net/resized/180X200/restaurant%2F662068%2Frestaurant120190226081628.jpg,https://www.eazydiner.com//delhi-ncr/anardana-modern-kitchen-and-bar-vikas-marg-east-delhi-662068?deal_types[]=postpaid
Mamagoto,"Cyber Hub, Gurgaon",1500,Pan Asian,5.0,https://d4t7t8y8xqo0t.cloudfront.net/resized/180X200/group%2F38%2Fmenu020211214082700.jpg,https://www.eazydiner.com//delhi-ncr/mr-mamagoto-cyber-hub-gurgaon-648371?deal_types[]=postpaid
Sixth Empirica,"Punjabi Bagh, West Delhi",1000,Multicuisine,4.3,https://d4t7t8y8xqo0t.cloudfront.net/resized/180X200/restaurant%2F653623%2Frestaurant320180614113301.jpeg,https://www.eazydiner.com//delhi-ncr/sixth-empirica-punjabi-bagh-west-delhi-653623?deal_types[]=postpaid
The Connaught Bar,"Radisson Blu Marina, New Delhi",1800,Finger Food,4.2,https://d4t7t8y8xqo0t.cloudfront.net/resized/180X200/restaurant%2F112134%2Frestaurant120180516093446.jpg,https://www.eazydiner.com//delhi-ncr/the-connaught-bar-radisson-blu-marina-connaught-place-cp-112134?deal_types[]=postpaid
Limbo,"Sector 29, Gurgaon",1500,Multicuisine,4.0,https://d4t7t8y8xqo0t.cloudfront.net/resized/180X200/restaurant%2F663411%2Frestaurant220190607105247.jpeg,https://www.eazydiner.com//delhi-ncr/uforia-sector-29-gurgaon-663411?deal_types[]=postpaid
Vibe: The Sky Bar,"Doubletree by Hilton, Gurugram Baani Square",3000,Finger Food,4.2,https://d4t7t8y8xqo0t.cloudfront.net/resized/180X200/restaurant%2F121541%2Frestaurant020220120104636.jpg,https://www.eazydiner.com//delhi-ncr/vibe-the-sky-bar-hilton-garden-inn-sector-50-121541?deal_types[]=postpaid
Suribachi,"Malviya Nagar, South Delhi",1700,Multicuisine,5.0,https://d4t7t8y8xqo0t.cloudfront.net/resized/180X200/restaurant%2F111553%2Frestaurant020220525102803.jpeg,https://www.eazydiner.com//delhi-ncr/suribachi-malviya-nagar-111553?deal_types[]=postpaid
The Ancient Barbeque,"Sector 63, Noida",1300,"Indian,Barbeque",4.6,https://d4t7t8y8xqo0t.cloudfront.net/resized/180X200/restaurant%2F110030%2Frestaurant020200208092620.jpg,https://www.eazydiner.com//delhi-ncr/the-ancient-barbeque-sector-63-noida-110030?deal_types[]=prepaid
Castle's Barbeque,"Netaji Subhash Place, North Delhi",1300,Multicuisine,3.7,https://d4t7t8y8xqo0t.cloudfront.net/resized/180X200/restaurant%2F682196%2Frestaurant020211125091247.jpg,https://www.eazydiner.com//delhi-ncr/castles-barbeque-netaji-subhash-place-north-delhi-682196?deal_types[]=postpaid
Josh - The High Energy Bar,"Pitampura, North Delhi",1500,Multicuisine,4.4,https://d4t7t8y8xqo0t.cloudfront.net/resized/180X200/restaurant%2F670282%2Frestaurant1320201008060528.jpg,https://www.eazydiner.com//delhi-ncr/josh-the-high-energy-bar-pitampura-north-delhi-670282?deal_types[]=postpaid
The One,"Le Meridien, New Delhi",3000,All Day Dining,3.9,https://d4t7t8y8xqo0t.cloudfront.net/resized/180X200/restaurant%2F110705%2FTHE10-01.jpg,https://www.eazydiner.com//delhi-ncr/the-one-le-meridien-janpath-110705?deal_types[]=postpaid
Tippling Street,"Rajouri Garden, West Delhi",1600,"European,Modern Indian,Pan Asian",4.2,https://d4t7t8y8xqo0t.cloudfront.net/resized/180X200/restaurant%2F643844%2Frestaurant020170812055839.jpg,https://www.eazydiner.com//delhi-ncr/tippling-street-rajouri-garden-west-delhi-643844?deal_types[]=postpaid
Rehab Gastropub,"Hauz Khas Village, South Delhi",1100,Multicuisine,4.6,https://d4t7t8y8xqo0t.cloudfront.net/resized/180X200/restaurant%2F647788%2Frestaurant020170809082658.jpg,https://www.eazydiner.com//delhi-ncr/rehab-gastropub-hauz-khas-village-south-delhi-647788?deal_types[]=postpaid
Krua Thai,"Sector 67, Gurgaon",1100,Thai,4.3,https://d4t7t8y8xqo0t.cloudfront.net/resized/180X200/restaurant%2F672851%2Frestaurant020210125072742.png,https://www.eazydiner.com//delhi-ncr/krua-thai-sector-67-gurgaon-672851?deal_types[]=postpaid
Cafe After Hours,"Dwarka, West Delhi",900,"Beverages,Cafe,Chinese,North Indian,Thai,Continental",4.3,https://d4t7t8y8xqo0t.cloudfront.net/resized/180X200/restaurant%2F644070%2Frestaurant920180821124134.jpg,https://www.eazydiner.com//delhi-ncr/cafe-after-hours-dwarka-west-delhi-644070?deal_types[]=postpaid
QLA,"Mehrauli, South Delhi",3500,"European,Finger Food,Italian,Pizza,Spanish",5.0,https://d4t7t8y8xqo0t.cloudfront.net/resized/180X200/restaurant%2F121348%2Frestaurant020181001053318.jpg,https://www.eazydiner.com//delhi-ncr/qla-mehrauli-121348?deal_types[]=postpaid
Seoul Restaurant,"Ansal Plaza Mall, Khel Gaon Marg",1300,"Japanese,Korean,Sushi",4.8,https://d4t7t8y8xqo0t.cloudfront.net/resized/180X200/restaurant%2F112001%2Frestaurant020201216052631.jpeg,https://www.eazydiner.com//delhi-ncr/restaurant-de-seoul-khel-gaon-marg-112001?deal_types[]=postpaid
House #309 by Sweet Obsession,"DLF South Point Mall, Golf Course Road",700,"Bakery,Cafe",4.9,https://d4t7t8y8xqo0t.cloudfront.net/resized/180X200/restaurant%2F674367%2Frestaurant020211006084347.jpeg,https://www.eazydiner.com//delhi-ncr/house-309-by-sweet-obsession-dlf-south-point-mall-golf-course-road-674367?deal_types[]=postpaid
Elio,"Gardens Galleria Mall, Sector 38",1200,Multicuisine,4.5,https://d4t7t8y8xqo0t.cloudfront.net/resized/180X200/restaurant%2F682744%2Frestaurant020220219060358.jpeg,https://www.eazydiner.com//delhi-ncr/elio-gardens-galleria-682744?deal_types[]=postpaid
Jamie Oliver's Italian,"Pacific Mall, Tagore Garden",1500,"Italian,Pizza",4.3,https://d4t7t8y8xqo0t.cloudfront.net/resized/180X200/restaurant%2F661952%2Frestaurant520190214114004.png,https://www.eazydiner.com//delhi-ncr/jamie-olivers-italian-pacific-mall-tagore-garden-661952?deal_types[]=postpaid
Jalsa,"Galleria Market, Gurgaon",1200,"Chinese,Indian",4.4,https://d4t7t8y8xqo0t.cloudfront.net/resized/180X200/restaurant%2F672206%2Frestaurant420201214104256.jpeg,https://www.eazydiner.com//delhi-ncr/jalsa-galleria-market-gurgaon-672206?deal_types[]=postpaid
Mesa Wine Bistro,Worldmark 3,2000,European,4.5,https://d4t7t8y8xqo0t.cloudfront.net/resized/180X200/restaurant%2F668953%2Frestaurant720190912103036.jpeg,https://www.eazydiner.com//delhi-ncr/mesa-wine-bistro-worldmark-3-668953?deal_types[]=postpaid
Chi Ni,"The Roseate, New Delhi",4000,Chinese,4.8,https://d4t7t8y8xqo0t.cloudfront.net/resized/180X200/restaurant%2F121329%2F339_1-01.jpg,https://www.eazydiner.com//delhi-ncr/chi-ni-the-roseate-rajokri-121329?deal_types[]=postpaid
Cafe Knosh,"The Leela Ambience Convention Hotel, New Delhi",3000,Cafe,4.3,https://d4t7t8y8xqo0t.cloudfront.net/resized/180X200/restaurant%2F111388%2Frestaurant020160816144744.jpg,https://www.eazydiner.com//delhi-ncr/cafe-knosh-the-leela-ambience-convention-hotel-vivek-vihar-111388?deal_types[]=postpaid
Karigari,"Sector 51, Noida",1500,"Mughlai,North Indian",4.4,https://d4t7t8y8xqo0t.cloudfront.net/resized/180X200/restaurant%2F682740%2Frestaurant120220315092602.jpeg,https://www.eazydiner.com//delhi-ncr/karigari-sector-51-noida-682740?deal_types[]=postpaid
Studio Xo Bar,"Sector 29, Gurgaon",1500,Multicuisine,4.0,https://d4t7t8y8xqo0t.cloudfront.net/resized/180X200/restaurant%2F672260%2Frestaurant220210105063914.jpg,https://www.eazydiner.com//delhi-ncr/studio-xo-bar-sector-29-gurgaon-672260?deal_types[]=postpaid
Dasaprakash,"Connaught Place (CP), Central Delhi",800,South Indian,4.2,https://d4t7t8y8xqo0t.cloudfront.net/resized/180X200/restaurant%2F682172%2Frestaurant020211123065021.jpeg,https://www.eazydiner.com//delhi-ncr/dasaprakash-connaught-place-cp-central-delhi-682172?deal_types[]=postpaid
The Embassy,"Connaught Place (CP), Central Delhi",2000,Multicuisine,4.3,https://d4t7t8y8xqo0t.cloudfront.net/resized/180X200/restaurant%2F110356%2Frestaurant020201223154117.jpg,https://www.eazydiner.com//delhi-ncr/embassy-connaught-place-110356?deal_types[]=postpaid
IHOP,"Cyber Hub, Gurgaon",1200,American,4.4,https://d4t7t8y8xqo0t.cloudfront.net/resized/180X200/restaurant%2F644427%2Frestaurant020190222085058.jpg,https://www.eazydiner.com//delhi-ncr/ihop-cyber-hub-gurgaon-644427?deal_types[]=postpaid
The Brewhouse,"Radisson Gurugram,Sohna Road City Center, Gurgaon",1500,Finger Food,4.2,https://d4t7t8y8xqo0t.cloudfront.net/resized/180X200/restaurant%2F619839%2Frestaurant620190131124407.jpg,https://www.eazydiner.com//delhi-ncr/the-brewhouse-fortune-select-excalibur-gurgaon-619839?deal_types[]=postpaid
Mai Bao,"Commons at DLF Avenue, Saket",1800,Singaporean,4.7,https://d4t7t8y8xqo0t.cloudfront.net/resized/180X200/restaurant%2F672872%2Frestaurant220210128080058.jpg,https://www.eazydiner.com//delhi-ncr/mai-bao-saket-south-delhi-672872?deal_types[]=postpaid
Cafe Out of the Box Courtyard,"Connaught Place (CP), Central Delhi",1200,Multicuisine,3.9,https://d4t7t8y8xqo0t.cloudfront.net/resized/180X200/restaurant%2F671982%2Frestaurant120201023064014.jpg,https://www.eazydiner.com//delhi-ncr/cafe-out-of-the-box-courtyard-connaught-place-cp-central-delhi-671982?deal_types[]=postpaid
Sagar Ratna,"Omega II, Noida",600,South Indian,4.5,https://d4t7t8y8xqo0t.cloudfront.net/resized/180X200/restaurant%2F674442%2Frestaurant020211013064528.jpeg,https://www.eazydiner.com//delhi-ncr/sagar-ratna-omega-ii-noida-674442?deal_types[]=postpaid
Jamie's Pizzeria,"Ardee Mall, Ardee City",1500,Italian,4.6,https://d4t7t8y8xqo0t.cloudfront.net/resized/180X200/restaurant%2F668906%2Frestaurant020190907052803.jpg,https://www.eazydiner.com//delhi-ncr/jamies-pizzeria-ardee-mall-ardee-city-668906?deal_types[]=postpaid
Gozo Restaurant,"Sector 127, Noida",800,Multicuisine,4.4,https://d4t7t8y8xqo0t.cloudfront.net/resized/180X200/restaurant%2F674077%2Frestaurant220210913100035.jpeg,https://www.eazydiner.com//delhi-ncr/gozo-restaurant-sector-127-noida-674077?deal_types[]=postpaid
Dasaprakash,"Sector 135, Noida",1000,"North Indian,South Indian",5.0,https://d4t7t8y8xqo0t.cloudfront.net/resized/180X200/restaurant%2F671296%2Frestaurant320200723051343.jpg,https://www.eazydiner.com//delhi-ncr/dasaprakash-sector-135-noida-noida-671296?deal_types[]=postpaid
Café Resto,"Jaypee Greens Golf & Spa Resort, Noida",2000,Multicuisine,4.8,https://d4t7t8y8xqo0t.cloudfront.net/resized/180X200/restaurant%2F674470%2Frestaurant120211022050020.jpg,https://www.eazydiner.com//delhi-ncr/cafe-resto-jaypee-greens-golf-spa-resort-noida-674470?deal_types[]=postpaid
Maamouche's Alchemy Bar,"Sector 110, Noida",1000,Multicuisine,4.7,https://d4t7t8y8xqo0t.cloudfront.net/resized/180X200/restaurant%2F661969%2Frestaurant020190215125015.jpeg,https://www.eazydiner.com//delhi-ncr/maamouches-alchemy-bar-sector-110-noida-661969?deal_types[]=postpaid
My Secret Place,"Palam Vihar, Gurgaon",1000,Multicuisine,4.5,https://d4t7t8y8xqo0t.cloudfront.net/resized/180X200/restaurant%2F683100%2Frestaurant020220329071556.jpeg,https://www.eazydiner.com//delhi-ncr/my-secret-place-palam-vihar-gurgaon-683100?deal_types[]=postpaid
RBG,"Park Inn by Radisson, Patparganj",1500,Multicuisine,5.0,https://d4t7t8y8xqo0t.cloudfront.net/resized/180X200/restaurant%2F657304%2Frestaurant120180919092516.jpg,https://www.eazydiner.com//delhi-ncr/rbg-park-inn-by-radisson-657304?deal_types[]=postpaid
Val Halla,"Indirapuram, Ghaziabad",1500,Multicuisine,3.8,https://d4t7t8y8xqo0t.cloudfront.net/resized/180X200/restaurant%2F672279%2Frestaurant1820210317065245.jpg,https://www.eazydiner.com//delhi-ncr/val-halla-indirapuram-ghaziabad-672279?deal_types[]=postpaid
Imly,"Karol Bagh, Central Delhi",700,"European,North Indian,Street Food,Momos",5.0,https://d4t7t8y8xqo0t.cloudfront.net/resized/180X200/restaurant%2F662238%2Frestaurant020190302110528.jpg,https://www.eazydiner.com//delhi-ncr/imly-cafe-karol-bagh-central-delhi-662238?deal_types[]=postpaid
Breakin' Brew,"Karkardooma, East Delhi",700,"American,Chinese,European,Italian",4.6,https://d4t7t8y8xqo0t.cloudfront.net/resized/180X200/restaurant%2F672164%2Frestaurant020201201091615.jpg,https://www.eazydiner.com//delhi-ncr/breakin-brew-karkardooma-east-delhi-672164?deal_types[]=postpaid
Honk,Pullman New Delhi Aerocity-An AccorHotels Brand,2700,Pan Asian,4.3,https://d4t7t8y8xqo0t.cloudfront.net/resized/180X200/restaurant%2F600090%2Frestaurant020160311164527.jpg,https://www.eazydiner.com//delhi-ncr/honk-pullman-new-delhi-aerocity-an-accorhotels-brand-igi-airport-600090?deal_types[]=postpaid
Gola Sizzlers,"Preet Vihar, East Delhi",1200,"Sizzlers,Multicuisine",4.5,https://d4t7t8y8xqo0t.cloudfront.net/resized/180X200/restaurant%2F673048%2Frestaurant420210218091656.jpg,https://www.eazydiner.com//delhi-ncr/gola-sizzlers-preet-vihar-east-delhi-673048?deal_types[]=postpaid
Aatithyam,"Sector 104, Noida",500,"Chinese,North Indian,South Indian",4.0,https://d4t7t8y8xqo0t.cloudfront.net/resized/180X200/restaurant%2F672199%2Frestaurant220201211082837.jpeg,https://www.eazydiner.com//delhi-ncr/aatithyam-sector-104-noida-672199?deal_types[]=postpaid
Monkey Bar,"Vasant Kunj, South Delhi",1700,"Finger Food,Fusion,Multicuisine",4.6,https://d4t7t8y8xqo0t.cloudfront.net/resized/180X200/restaurant%2F110002%2Frestaurant020180806123440.jpg,https://www.eazydiner.com//delhi-ncr/monkey-bar-vasant-kunj-110002?deal_types[]=postpaid
Drums of Heaven,"Green Park, South Delhi",900,Chinese,4.5,https://d4t7t8y8xqo0t.cloudfront.net/resized/180X200/restaurant%2F110911%2Frestaurant020190223103441.jpg,https://www.eazydiner.com//delhi-ncr/drums-of-heaven-green-park-110911?deal_types[]=postpaid
Infinity,"Crowne Plaza, Mayur Vihar Phase 1",2600,"Italian,Multicuisine",4.1,https://d4t7t8y8xqo0t.cloudfront.net/resized/180X200/restaurant%2F111945%2Frestaurant020160305165842.jpg,https://www.eazydiner.com//delhi-ncr/infinity-crowne-plaza-mayur-vihar-phase-1-111945?deal_types[]=postpaid
Café NH8,Radisson Gurugram Udyog Vihar,1600,All Day Dining,5.0,https://d4t7t8y8xqo0t.cloudfront.net/resized/180X200/restaurant%2F112879%2Frestaurant120171208045335.jpg,https://www.eazydiner.com//delhi-ncr/cafe-nh8-radisson-gurugram-udyog-vihar-112879?deal_types[]=postpaid
Sly Granny,"Select Citywalk Mall, Saket",2000,"Fusion,Modern Indian",4.6,https://d4t7t8y8xqo0t.cloudfront.net/resized/180X200/restaurant%2F671106%2Frestaurant020200625091443.jpg,https://www.eazydiner.com//delhi-ncr/sly-granny-select-citywalk-mall-saket-671106?deal_types[]=postpaid
Unlocked - Bar.Kitchen.Escape Room,"32nd Milestone, Gurgaon",1200,Multicuisine,4.1,https://d4t7t8y8xqo0t.cloudfront.net/resized/180X200/restaurant%2F663479%2Frestaurant020190621104408.jpg,https://www.eazydiner.com//delhi-ncr/unlocked-sector-15-gurgaon-663479?deal_types[]=postpaid
Pinch of Spice,"Sector 10, Dwarka, West Delhi",1400,Multicuisine,4.9,https://d4t7t8y8xqo0t.cloudfront.net/resized/180X200/restaurant%2F682474%2Frestaurant020220107085645.jpg,https://www.eazydiner.com//delhi-ncr/pinch-of-spice-sector-10-dwarka-west-delhi-682474?deal_types[]=postpaid
Sorrento,Shangri-La Eros New Delhi,3000,Italian,4.6,https://d4t7t8y8xqo0t.cloudfront.net/resized/180X200/restaurant%2F612514%2Frestaurant120190622132303.jpg,https://www.eazydiner.com//delhi-ncr/sorrento-shangri-la-s-eros-hotel-connaught-place-cp-612514?deal_types[]=postpaid
Jamie's Pizzeria By Jamie Oliver,"Ambience Mall, Gurgaon",800,Pizza,4.3,https://d4t7t8y8xqo0t.cloudfront.net/resized/180X200/restaurant%2F121474%2Frestaurant220190214123805.jpg,https://www.eazydiner.com//delhi-ncr/jamies-pizzeria-by-jamie-oliver-ambience-mall-121474?deal_types[]=postpaid
Ching Singh,"Logix City Centre Mall, Noida",1200,"Chinese,Indian,Multicuisine,Pan Asian",4.2,https://d4t7t8y8xqo0t.cloudfront.net/resized/180X200/restaurant%2F643613%2Frestaurant320200210132346.jpg,https://www.eazydiner.com//delhi-ncr/ching-shihh-sector-34-noida-643613?deal_types[]=postpaid
Caffe Bella Italia,"Gwal Pahari, Gurgaon",600,Italian,5.0,https://d4t7t8y8xqo0t.cloudfront.net/resized/180X200/restaurant%2F673250%2Frestaurant420210331073033.jpeg,https://www.eazydiner.com//delhi-ncr/caffe-bella-italia-gwal-pahari-gurgaon-673250?deal_types[]=postpaid
7 Barrel Brew Pub,"DT Mega Mall, Golf Course Road",1600,Multicuisine,4.4,https://d4t7t8y8xqo0t.cloudfront.net/resized/180X200/restaurant%2F121199%2Frestaurant120210908101528.jpeg,https://www.eazydiner.com//delhi-ncr/7-barrel-brew-pub-dlfphase1-121199?deal_types[]=postpaid
Berco's,"Golf Course Road, Gurgaon",1100,Pan Asian,5.0,https://d4t7t8y8xqo0t.cloudfront.net/resized/180X200/restaurant%2F118846%2Frestaurant620191213114420.jpeg,https://www.eazydiner.com//delhi-ncr/bercos-golf-course-road-118846?deal_types[]=postpaid
The Clay Oven,"Green Park, South Delhi",1200,Indian,4.4,https://d4t7t8y8xqo0t.cloudfront.net/resized/180X200/restaurant%2F653652%2Frestaurant220180621114439.jpeg,https://www.eazydiner.com//delhi-ncr/the-clay-oven-green-park-south-delhi-653652?deal_types[]=postpaid
Punjabi By Nature,"Ambience Mall, Gurgaon",1500,North Indian,4.1,https://d4t7t8y8xqo0t.cloudfront.net/resized/180X200/restaurant%2F657301%2Frestaurant020210927072208.jpeg,https://www.eazydiner.com//delhi-ncr/beer-bahadur-ambience-mall-gurgaon-657301?deal_types[]=postpaid
Swan,"Mehrauli, South Delhi",2000,"Italian,Japanese,Sushi",4.4,https://d4t7t8y8xqo0t.cloudfront.net/resized/180X200/restaurant%2F672808%2Frestaurant020210115074109.jpg,https://www.eazydiner.com//delhi-ncr/swan-mehrauli-south-delhi-672808?deal_types[]=postpaid
Jungle Jamboree,"Logix City Centre Mall, Noida",1200,"Chinese,North Indian,Multicuisine,Continental",3.9,https://d4t7t8y8xqo0t.cloudfront.net/resized/180X200/restaurant%2F643993%2Frestaurant420170419095847.jpg,https://www.eazydiner.com//delhi-ncr/jungle-jamboree-sector-34-noida-643993?deal_types[]=postpaid
Cafe Mez,"Cyber Hub, Gurgaon",1500,"Mediterranean,Middle Eastern",4.2,https://d4t7t8y8xqo0t.cloudfront.net/resized/180X200/restaurant%2F682438%2Frestaurant020211228085051.png,https://www.eazydiner.com//delhi-ncr/cafe-mez-cyber-hub-gurgaon-682438?deal_types[]=postpaid
Ssence,"The Suryaa Hotel, New Delhi",3000,"Multicuisine,All Day Dining",4.4,https://d4t7t8y8xqo0t.cloudfront.net/resized/180X200/restaurant%2F111744%2Frestaurant420190412104940.jpg,https://www.eazydiner.com//delhi-ncr/ssence-the-suryaa-hotel-new-friends-colony-111744?deal_types[]=postpaid
Cafe After Hours,"Paschim Vihar, West Delhi",1200,Multicuisine,4.3,https://d4t7t8y8xqo0t.cloudfront.net/resized/180X200/restaurant%2F670111%2Frestaurant020210401062936.jpg,https://www.eazydiner.com//delhi-ncr/cafe-after-hours-paschim-vihar-west-delhi-670111?deal_types[]=postpaid
Barbeque 29,"NIT, Faridabad",1500,"Multicuisine,Barbeque",4.3,https://d4t7t8y8xqo0t.cloudfront.net/resized/180X200/restaurant%2F666276%2Frestaurant020190726110144.jpeg,https://www.eazydiner.com//delhi-ncr/barbeque-29-nit-faridabad-666276?deal_types[]=postpaid
Dragonfly Experience,Worldmark 1,2000,"European,Fusion,Asian",4.3,https://d4t7t8y8xqo0t.cloudfront.net/resized/180X200/restaurant%2F663167%2Frestaurant920210312091121.jpg,https://www.eazydiner.com//delhi-ncr/dragonfly-worldmark-1-663167?deal_types[]=postpaid
24/7 Restaurant,"The Lalit, New Delhi",3000,All Day Dining,4.2,https://d4t7t8y8xqo0t.cloudfront.net/resized/180X200/restaurant%2F110472%2Frestaurant020170629051039.jpg,https://www.eazydiner.com//delhi-ncr/24-7-restaurant-the-lalit-connaught-place-cp-110472?deal_types[]=postpaid
Spize Barbeque & Bar,"Sector 63, Noida",1200,"North Indian,Barbeque",3.8,https://d4t7t8y8xqo0t.cloudfront.net/resized/180X200/restaurant%2F640119%2Frestaurant320210809050928.jpg,https://www.eazydiner.com//delhi-ncr/spize-nothing-like-that-bar-be-que-sector-63-noida-640119?deal_types[]=postpaid
Bread & More,"Greater Kailash (GK) 1, South Delhi",600,Bakery,3.9,https://d4t7t8y8xqo0t.cloudfront.net/resized/180X200/group%2F6275%2Fmenu020220107071451.jpg,https://www.eazydiner.com//delhi-ncr/bread-more-greater-kailash-gk-1-south-delhi-673214?deal_types[]=postpaid
Food Bus Of India,"Rajendra Place, Central Delhi",400,"Chinese,North Indian",5.0,https://d4t7t8y8xqo0t.cloudfront.net/resized/180X200/restaurant%2F683636%2Frestaurant020220525094507.jpg,https://www.eazydiner.com//delhi-ncr/food-bus-of-india-rajendra-place-central-delhi-683636?deal_types[]=postpaid
Smaaash Airia,"Sector 68, Gurgaon",1200,Multicuisine,5.0,https://d4t7t8y8xqo0t.cloudfront.net/resized/180X200/restaurant%2F683441%2Frestaurant020220430121149.png,https://www.eazydiner.com//delhi-ncr/smaaash-sector-68-gurgaon-683441?deal_types[]=postpaid
Ping's Bia Hoi,"One Horizon Center, Golf Course Road",1200,Pan Asian,4.4,https://d4t7t8y8xqo0t.cloudfront.net/resized/180X200/restaurant%2F673614%2Frestaurant120210825083315.jpg,https://www.eazydiner.com//delhi-ncr/pings-bia-hoi-one-horizon-center-golf-course-road-673614?deal_types[]=postpaid
Vapour Bar Exchange,"Sohna Road, Gurgaon",1600,Multicuisine,4.5,https://d4t7t8y8xqo0t.cloudfront.net/resized/180X200/restaurant%2F652999%2Frestaurant020180327055259.jpg,https://www.eazydiner.com//delhi-ncr/vapour-bar-exchange-sohna-road-gurgaon-652999?deal_types[]=postpaid
KLAP,"Khan Market, Central Delhi",1200,Multicuisine,4.4,https://d4t7t8y8xqo0t.cloudfront.net/resized/180X200/restaurant%2F673609%2Frestaurant120210709072253.jpg,https://www.eazydiner.com//delhi-ncr/klap-khan-market-central-delhi-673609?deal_types[]=postpaid
Aviary Cocktail Nest,"Commons at DLF Avenue, Saket",1800,Multicuisine,4.5,https://d4t7t8y8xqo0t.cloudfront.net/resized/180X200/restaurant%2F682841%2Frestaurant020220405071905.jpg,https://www.eazydiner.com//delhi-ncr/aviary-commons-at-dlf-avenue-saket-682841?deal_types[]=postpaid
Local Heights,"Punjabi Bagh, West Delhi",1200,Multicuisine,4.0,https://d4t7t8y8xqo0t.cloudfront.net/resized/180X200/restaurant%2F672854%2Frestaurant620210127065759.jpg,https://www.eazydiner.com//delhi-ncr/local-heights-punjabi-bagh-west-delhi-672854?deal_types[]=postpaid
Kartoon Cafe,"Rajouri Garden, West Delhi",1200,Multicuisine,4.5,https://d4t7t8y8xqo0t.cloudfront.net/resized/180X200/restaurant%2F682791%2Frestaurant020220225101048.jpg,https://www.eazydiner.com//delhi-ncr/kartoon-cafe-rajouri-garden-west-delhi-682791?deal_types[]=postpaid
Mount Fuji,"Connaught Place (CP), Central Delhi",1500,Asian,4.0,https://d4t7t8y8xqo0t.cloudfront.net/resized/180X200/restaurant%2F683500%2Frestaurant120220510111903.jpg,https://www.eazydiner.com//delhi-ncr/mount-fuji-connaught-place-cp-central-delhi-683500?deal_types[]=postpaid
Rooftop - The View,"Radisson Blu Kaushambi Delhi NCR, Ghaziabad",2000,Multicuisine,4.2,https://d4t7t8y8xqo0t.cloudfront.net/resized/180X200/restaurant%2F682538%2Frestaurant020220131103851.jpg,https://www.eazydiner.com//delhi-ncr/rooftop-the-view-radisson-blu-kaushambi-delhi-ncr-ghaziabad-682538?deal_types[]=postpaid
Castle's Barbeque,"Pacific Mall, Tagore Garden",1600,"Beverages,Chinese,Desserts,Fast Food,Finger Food,North Indian,Barbeque",4.1,https://d4t7t8y8xqo0t.cloudfront.net/resized/180X200/restaurant%2F652814%2Frestaurant020211113114534.jpg,https://www.eazydiner.com//delhi-ncr/castles-barbeque-pacific-mall-tagore-garden-652814?deal_types[]=postpaid
October,"Sector 119, Noida",1000,Multicuisine,4.7,https://d4t7t8y8xqo0t.cloudfront.net/resized/180X200/restaurant%2F682408%2Frestaurant020211223083843.jpg,https://www.eazydiner.com//delhi-ncr/october-sector-119-noida-682408?deal_types[]=postpaid
Kampai,Worldmark 1,1800,"Japanese,Sushi",5.0,https://d4t7t8y8xqo0t.cloudfront.net/resized/180X200/restaurant%2F657610%2Frestaurant420181114135754.jpg,https://www.eazydiner.com//delhi-ncr/kampai-worldmark-1-657610?deal_types[]=postpaid
Guppy,"Lodhi Colony, South Delhi",2200,"Japanese,Sushi",5.0,https://d4t7t8y8xqo0t.cloudfront.net/resized/180X200/restaurant%2F110144%2Frestaurant020190121102650.jpg,https://www.eazydiner.com//delhi-ncr/guppy-by-ai-lodhi-colony-110144?deal_types[]=postpaid
Mala-Akbari,"32nd Milestone, Gurgaon",1800,Indian,4.4,https://d4t7t8y8xqo0t.cloudfront.net/resized/180X200/restaurant%2F671909%2Frestaurant120201002090852.jpg,https://www.eazydiner.com//delhi-ncr/mala-akbari-32nd-milestone-gurgaon-671909?deal_types[]=postpaid
Pind Balluchi,"Udyog Vihar, Gurgaon",800,"Chinese,Mughlai,North Indian",4.3,https://d4t7t8y8xqo0t.cloudfront.net/resized/180X200/restaurant%2F665333%2Frestaurant620190620060126.jpg,https://www.eazydiner.com//delhi-ncr/pind-balluchi-udyog-vihar-gurgaon-665333?deal_types[]=postpaid
Roasted By Roseate,"Ambience Mall, Gurgaon",1100,Cafe,4.0,https://d4t7t8y8xqo0t.cloudfront.net/resized/180X200/restaurant%2F682037%2Frestaurant120220226094505.jpg,https://www.eazydiner.com//delhi-ncr/roasted-by-roseate-ambience-mall-gurgaon-682037?deal_types[]=postpaid
CHO - Vietnamese Kitchen & Bar,"Mehrauli, South Delhi",2500,Vietnamese,4.7,https://d4t7t8y8xqo0t.cloudfront.net/resized/180X200/restaurant%2F682390%2Frestaurant020211220101948.jpeg,https://www.eazydiner.com//delhi-ncr/cho-vietnamese-kitchen-bar-mehrauli-south-delhi-682390?deal_types[]=postpaid
Sizzling Shack,"Park Inn by Radisson, Lajpat Nagar 4",1500,Multicuisine,4.4,https://d4t7t8y8xqo0t.cloudfront.net/resized/180X200/restaurant%2F681942%2Frestaurant020211027105635.jpg,https://www.eazydiner.com//delhi-ncr/sizzling-shack-park-inn-by-radisson-lajpat-nagar-4-681942?deal_types[]=postpaid
Aqua,"The Park, New Delhi",3200,Mediterranean,4.2,https://d4t7t8y8xqo0t.cloudfront.net/resized/180X200/restaurant%2F110011%2Faqa%2B1-01.jpg,https://www.eazydiner.com//delhi-ncr/aqua-the-park-connaught-place-cp-110011?deal_types[]=postpaid
Home,"Ambience Mall, Vasant Kunj",3000,"European,Japanese,Modern Indian",4.7,https://d4t7t8y8xqo0t.cloudfront.net/resized/180X200/restaurant%2F671822%2Frestaurant320200914105554.jpg,https://www.eazydiner.com//delhi-ncr/home-ambience-mall-vasant-kunj-671822?deal_types[]=postpaid
Chaska,"Kalkaji, South Delhi",600,Indian,4.5,https://d4t7t8y8xqo0t.cloudfront.net/resized/180X200/restaurant%2F672197%2Frestaurant020201210104803.jpeg,https://www.eazydiner.com//delhi-ncr/chaska-kalkaji-south-delhi-672197?deal_types[]=postpaid
Anardana,"R K Puram, South Delhi",1500,North Indian,4.2,https://d4t7t8y8xqo0t.cloudfront.net/resized/180X200/restaurant%2F682742%2Frestaurant020220309064942.jpg,https://www.eazydiner.com//delhi-ncr/anardana-r-k-puram-south-delhi-682742?deal_types[]=postpaid
Raasta,"Cyber Hub, Gurgaon",1500,Cocktail Menu,4.2,https://d4t7t8y8xqo0t.cloudfront.net/resized/180X200/restaurant%2F110129%2Frestaurant020170310112319.jpg,https://www.eazydiner.com//delhi-ncr/raasta-dlf-cyber-city-110129?deal_types[]=postpaid
Tossin Pizza,"Galleria Market, Gurgaon",800,Pizza,4.9,https://d4t7t8y8xqo0t.cloudfront.net/resized/180X200/restaurant%2F110138%2Frestaurant020210908051119.jpg,https://www.eazydiner.com//delhi-ncr/crusty-gourmet-pizzas-more-110138?deal_types[]=postpaid
National Highway 44,"Connaught Place (CP), Central Delhi",1000,Indian,4.7,https://d4t7t8y8xqo0t.cloudfront.net/resized/180X200/,https://www.eazydiner.com//delhi-ncr/national-highway-44-connaught-place-cp-central-delhi-683560?deal_types[]=postpaid
Delhi Pavilion,"Sheraton, New Delhi, South Delhi",3000,"Indian,Multicuisine",4.1,https://d4t7t8y8xqo0t.cloudfront.net/resized/180X200/restaurant%2F110859%2F8166_1-01.jpg,https://www.eazydiner.com//delhi-ncr/delhi-pavilion-sheraton-south-delhi-saket-110859?deal_types[]=postpaid
Smaaash,"Sector 18, Noida",1200,Multicuisine,5.0,https://d4t7t8y8xqo0t.cloudfront.net/resized/180X200/restaurant%2F683413%2Frestaurant020220430052614.png,https://www.eazydiner.com//delhi-ncr/smaaash-sector-18-noida-683413?deal_types[]=postpaid
The Branch Cafe,"South Extension 2, South Delhi",1000,Multicuisine,4.2,https://d4t7t8y8xqo0t.cloudfront.net/resized/180X200/restaurant%2F648377%2Frestaurant320171026062734.jpg,https://www.eazydiner.com//delhi-ncr/the-branch-cafe-south-extension-2-south-delhi-648377?deal_types[]=postpaid
Not Just Indian,"Indirapuram, Ghaziabad",1000,Multicuisine,4.8,https://d4t7t8y8xqo0t.cloudfront.net/resized/180X200/restaurant%2F682926%2Frestaurant020220315090857.jpg,https://www.eazydiner.com//delhi-ncr/not-just-indian-indirapuram-ghaziabad-682926?deal_types[]=postpaid
Savannah Bar,"Radisson Blu Plaza Delhi Airport, Mahipalpur",2000,Multicuisine,4.6,https://d4t7t8y8xqo0t.cloudfront.net/resized/180X200/restaurant%2F113482%2F0-01.jpg,https://www.eazydiner.com//delhi-ncr/savannah-bar-radisson-blu-plaza-delhi-mahipalpur-delhi-113482?deal_types[]=postpaid
Ano Tai,"Jaypee Vasant Continental, New Delhi",2500,oriental,4.9,https://d4t7t8y8xqo0t.cloudfront.net/resized/180X200/restaurant%2F112257%2Frestaurant020211101091747.jpg,https://www.eazydiner.com//delhi-ncr/ano-tai-jaypee-vasant-continental-vasant-vihar-112257?deal_types[]=postpaid
Paatra,"Jaypee Vasant Continental, New Delhi",2800,North Indian,4.8,https://d4t7t8y8xqo0t.cloudfront.net/resized/180X200/restaurant%2F112046%2Frestaurant020211101113810.jpg,https://www.eazydiner.com//delhi-ncr/paatra-jaypee-vasant-continental-vasant-vihar-112046?deal_types[]=postpaid
Punjabi By Nature,"Ambience Mall, Vasant Kunj",1600,North Indian,4.1,https://d4t7t8y8xqo0t.cloudfront.net/resized/180X200/restaurant%2F110471%2Frestaurant020210906090726.jpg,https://www.eazydiner.com//delhi-ncr/punjabi-by-nature-vasant-kunj-110471?deal_types[]=postpaid
Dhansoo Cafe,"Tagore Garden, West Delhi",1700,Regional Indian,4.3,https://d4t7t8y8xqo0t.cloudfront.net/resized/180X200/restaurant%2F673163%2Frestaurant020210322063508.jpg,https://www.eazydiner.com//delhi-ncr/dhansoo-cafe-pacific-mall-tagore-garden-673163?deal_types[]=postpaid
Chicago Pizza,"Vikaspuri, West Delhi",600,Pizza,4.7,https://d4t7t8y8xqo0t.cloudfront.net/resized/180X200/restaurant%2F669850%2Frestaurant020211110094910.jpg,https://www.eazydiner.com//delhi-ncr/chicago-pizza-vikaspuri-west-delhi-669850?deal_types[]=postpaid
Amelia By The Playpen,"MG Road, South Delhi",700,"Bakery,Cafe,European",4.8,https://d4t7t8y8xqo0t.cloudfront.net/resized/180X200/restaurant%2F682993%2Frestaurant020220319110849.jpeg,https://www.eazydiner.com//delhi-ncr/amelia-by-the-playpen-mg-road-south-delhi-682993?deal_types[]=postpaid
Café Resto,"Jaypee Siddharth, New Delhi",2500,Multicuisine,4.7,https://d4t7t8y8xqo0t.cloudfront.net/resized/180X200/restaurant%2F681962%2Frestaurant020211101081820.jpg,https://www.eazydiner.com//delhi-ncr/cafe-resto-jaypee-siddharth-new-delhi-681962?deal_types[]=postpaid
EEST,"The Westin, Gurgaon",3600,Pan Asian,4.7,https://d4t7t8y8xqo0t.cloudfront.net/resized/180X200/restaurant%2F110868%2F9549_01-01.jpg,https://www.eazydiner.com//delhi-ncr/eest-the-westin-sector-29-110868?deal_types[]=postpaid
The Love story cafe,"Sector 71, Gurgaon",1000,Multicuisine,4.8,https://d4t7t8y8xqo0t.cloudfront.net/resized/180X200/restaurant%2F683399%2Frestaurant1020220429085900.jpg,https://www.eazydiner.com//delhi-ncr/the-love-story-cafe-sector-71-gurgaon-683399?deal_types[]=postpaid
Cafe By Soul,"DLF Phase 1, Gurgaon",800,"European,Italian",4.5,https://d4t7t8y8xqo0t.cloudfront.net/resized/180X200/restaurant%2F672222%2Frestaurant020201217095341.jpeg,https://www.eazydiner.com//delhi-ncr/cafe-by-soul-dlf-phase-1-gurgaon-672222?deal_types[]=postpaid
Dhansoo Cafe,"Ambience Mall, Gurgaon",1000,Regional Indian,4.0,https://d4t7t8y8xqo0t.cloudfront.net/resized/180X200/restaurant%2F673949%2Frestaurant020211127111416.jpg,https://www.eazydiner.com//delhi-ncr/dhansoo-cafe-ambience-mall-gurgaon-673949?deal_types[]=postpaid
The Flying Saucer Cafe,"Epicuria Mall, Nehru Place",2000,Casual Eclectic,4.2,https://d4t7t8y8xqo0t.cloudfront.net/resized/180X200/restaurant%2F110009%2Frestaurant420210226084430.jpg,https://www.eazydiner.com//delhi-ncr/the-flying-saucer-cafe-nehru-place-110009?deal_types[]=postpaid
Delhi barbeque,"Mahipalpur, South Delhi",1500,"Multicuisine,Barbeque",4.3,https://d4t7t8y8xqo0t.cloudfront.net/resized/180X200/restaurant%2F665561%2Frestaurant120190628120424.jpg,https://www.eazydiner.com//delhi-ncr/delhi-barbeque-mahipalpur-south-delhi-665561?deal_types[]=postpaid
Ambra,"Greater Kailash (GK) 2, South Delhi",1200,"Coffee and Tea,Desserts,Fast Food,Italian,Pizza,Multicuisine,Continental",4.1,https://d4t7t8y8xqo0t.cloudfront.net/resized/180X200/restaurant%2F672915%2Frestaurant1320210205074359.jpg,https://www.eazydiner.com//delhi-ncr/ambra-greater-kailash-gk-2-south-delhi-672915?deal_types[]=postpaid
RDX,"Safdarjung, South Delhi",1500,North Indian,3.4,https://d4t7t8y8xqo0t.cloudfront.net/resized/180X200/restaurant%2F111901%2Frestaurant420191022124956.jpg,https://www.eazydiner.com//delhi-ncr/rdx-safdarjung-111901?deal_types[]=postpaid
Houz Cafe Bar,"Sector 65, Gurgaon",1400,Multicuisine,4.3,https://d4t7t8y8xqo0t.cloudfront.net/resized/180X200/restaurant%2F673668%2Frestaurant020210723105336.jpg,https://www.eazydiner.com//delhi-ncr/houz-cafe-bar-sector-65-gurgaon-673668?deal_types[]=postpaid
TFR Retro House,"Sector 47, Gurgaon",2000,Multicuisine,4.7,https://d4t7t8y8xqo0t.cloudfront.net/resized/180X200/restaurant%2F682673%2Frestaurant020220208120358.jpg,https://www.eazydiner.com//delhi-ncr/tfr-retro-house-sector-47-gurgaon-682673?deal_types[]=postpaid
Kutumb,"Sector 10, Rohini, West Delhi",650,Indian,4.1,https://d4t7t8y8xqo0t.cloudfront.net/resized/180X200/restaurant%2F672960%2Frestaurant420210210064215.jpeg,https://www.eazydiner.com//delhi-ncr/kutumb-sector-10-rohini-west-delhi-672960?deal_types[]=postpaid
Pikwik Since 1991,"Ring Road Mall, Rohini",800,"Indian,North Indian",5.0,https://d4t7t8y8xqo0t.cloudfront.net/resized/180X200/restaurant%2F111644%2Frestaurant020201007082032.jpg,https://www.eazydiner.com//delhi-ncr/pikwik-rohini-111644?deal_types[]=postpaid
Juniper Bar,"Andaz Delhi, Aerocity",2500,"European,North Indian",4.3,https://d4t7t8y8xqo0t.cloudfront.net/resized/180X200/restaurant%2F672192%2Frestaurant220201208111918.jpg,https://www.eazydiner.com//delhi-ncr/juniper-bar-andaz-delhi-aerocity-672192?deal_types[]=postpaid
