restaurant_name,restaurant_location,cost_for_2,cusisine,rating,restaurant_img,restaurant_page
DRAMZ,"Mehrauli, South Delhi",₹ 3000,"European,Italian,North Indian,Cocktail Menu,Continental",4.1,/images/default_1.svg,https://www.eazydiner.com//delhi-ncr/dramz-whiskey-bar-lounge-mehrauli-111510?deal_types[]=postpaid
Connaught Clubhouse,"Connaught Place (CP), Central Delhi",₹ 2000,"Beverages,Finger Food,Italian,Mexican,Multicuisine,Pan Asian,Asian",4.4,/images/default_1.svg,https://www.eazydiner.com//delhi-ncr/connaught-clubhouse-janpath-central-delhi-670761?deal_types[]=postpaid
Latest Recipe,"Le Meridien, Gurgaon",₹ 2500,"Beverages,Desserts,European,Finger Food,Italian,Mediterranean,North Indian,Multicuisine,Asian,Salad",4.3,/images/default_1.svg,https://www.eazydiner.com//delhi-ncr/latest-recipe-le-meridien-mg-road-111098?deal_types[]=postpaid
Moti Mahal Delux,"South Extension 2, South Delhi",₹ 1400,"Chinese,Mughlai,North Indian",4.4,/images/default_1.svg,https://www.eazydiner.com//delhi-ncr/moti-mahal-delux-south-extension-2-119802?deal_types[]=postpaid
Clock Tower,"Golf Course Road, Gurgaon",₹ 2700,"Beverages,Finger Food,Italian,North Indian,Multicuisine,Asian,Continental",4.7,/images/default_1.svg,https://www.eazydiner.com//delhi-ncr/the-clock-tower-golf-course-road-gurgaon-640404?deal_types[]=postpaid
Whisky Samba,"Two Horizon Center, Golf Course Road",₹ 2500,"Chinese,Desserts,Finger Food,Indian,Japanese,Seafood,Sushi,Thai,Multicuisine,Pan Asian,Asian",4.4,/images/default_1.svg,https://www.eazydiner.com//delhi-ncr/whisky-samba-golf-course-road-gurgaon-643415?deal_types[]=postpaid
Tamra,Shangri-La Eros New Delhi,₹ 3000,"American,Beverages,Desserts,European,Finger Food,North Indian,All Day Dining,Asian,Continental",4.6,/images/default_1.svg,https://www.eazydiner.com//delhi-ncr/tamra-shangri-la-s-eros-hotel-connaught-place-cp-121269?deal_types[]=postpaid
Viet Nom,"Cyber Hub, Gurgaon",₹ 1500,"Beverages,Finger Food,Vietnamese,Pan Asian",5.0,/images/default_1.svg,https://www.eazydiner.com//delhi-ncr/vietnom-cyber-hub-gurgaon-663251?deal_types[]=postpaid
The House Of Celeste,"32nd Milestone, Gurgaon",₹ 1600,Modern Indian,4.3,/images/default_1.svg,https://www.eazydiner.com//delhi-ncr/the-house-of-celeste-32nd-milestone-gurgaon-669949?deal_types[]=postpaid
Bo Tai,"Mehrauli, South Delhi",₹ 3000,"Beverages,Finger Food,Japanese,Sushi,Thai,Fusion,Asian",4.5,/images/default_1.svg,https://www.eazydiner.com//delhi-ncr/bo-tai-mehrauli-south-delhi-653344?deal_types[]=postpaid
La Roca,Worldmark 1,₹ 2400,"European,Turkish,Modern Indian,Pan Asian",4.2,/images/default_1.svg,https://www.eazydiner.com//delhi-ncr/la-roca-worldmark-1-662729?deal_types[]=postpaid
Barbeque Nation,"Vegas Mall, Dwarka",₹ 2000,"Multicuisine,Barbeque",4.7,/images/default_1.svg,https://www.eazydiner.com//delhi-ncr/barbeque-nation-vegas-mall-dwarka-670571?deal_types[]=postpaid
Farmers Basket At Pluck,Pullman New Delhi Aerocity-An AccorHotels Brand,₹ 3000,"Chinese,European,Finger Food,North Indian,Modern Indian",4.5,/images/default_1.svg,https://www.eazydiner.com//delhi-ncr/pluck-pullman-new-delhi-aerocity-an-accorhotels-brand-igi-airport-600089?deal_types[]=postpaid
Molecule Air Bar,"Green Park, South Delhi",₹ 1800,"Beverages,Fast Food,Finger Food,North Indian,Pizza,Multicuisine,Asian",4.3,/images/default_1.svg,https://www.eazydiner.com//delhi-ncr/molecule-air-bar-green-park-south-delhi-670182?deal_types[]=postpaid
Lazeez Affaire,"Connaught Place (CP), Central Delhi",₹ 1600,"Biryani,Finger Food,Mughlai,North Indian",4.3,/images/default_1.svg,https://www.eazydiner.com//delhi-ncr/lazeez-affaire-connaught-place-cp-central-delhi-648245?deal_types[]=postpaid
TEO - Lounge & Bar,"Punjabi Bagh, West Delhi",₹ 1200,"Beverages,Chinese,Finger Food,Italian,Mughlai,North Indian,Pizza,Multicuisine",4.1,/images/default_1.svg,https://www.eazydiner.com//delhi-ncr/teo-lounge-bar-punjabi-bagh-west-delhi-670327?deal_types[]=postpaid
Brewocrat - Brewery Skybar & Kitchen,"South City 2, Gurgaon",₹ 2000,Multicuisine,4.5,/images/default_1.svg,https://www.eazydiner.com//delhi-ncr/brewocrat-brewery-skybar-kitchen-south-city-2-gurgaon-662828?deal_types[]=postpaid
Ziu Bā,"Ardee Mall, Ardee City",₹ 1100,"Chinese,Japanese,Sushi,Thai,Pan Asian",5.0,/images/default_1.svg,https://www.eazydiner.com//delhi-ncr/ziu-ba-ardee-mall-ardee-city-672132?deal_types[]=postpaid
Soy X Neung Roi,"Radisson Blu Plaza Delhi Airport, Mahipalpur",₹ 3000,"Thai,Pan Asian",4.8,/images/default_1.svg,https://www.eazydiner.com//delhi-ncr/neung-roi-radisson-blu-plaza-delhi-mahipalpur-delhi-110877?deal_types[]=postpaid
Local,"Connaught Place (CP), Central Delhi",₹ 1200,"Finger Food,Italian,Mughlai,North Indian,Pizza,Street Food,Multicuisine,Continental",4.1,/images/default_1.svg,https://www.eazydiner.com//delhi-ncr/local-connaught-place-cp-central-delhi-644716?deal_types[]=postpaid
The Dineroom,"Punjabi Bagh, West Delhi",₹ 1200,"Beverages,Chinese,Desserts,North Indian,Multicuisine,Continental",4.3,/images/default_1.svg,https://www.eazydiner.com//delhi-ncr/the-dineroom-punjabi-bagh-west-delhi-670323?deal_types[]=postpaid
Nook,Aloft Hotel Aerocity New Delhi,₹ 1800,Multicuisine,4.5,/images/default_1.svg,https://www.eazydiner.com//delhi-ncr/the-nook-aloft-hotel-aerocity-new-delhi-656443?deal_types[]=postpaid
SodaBottleOpenerWala,"Cyber Hub, Gurgaon",₹ 1300,Parsi,5.0,/images/default_1.svg,https://www.eazydiner.com//delhi-ncr/sodabottleopenerwala-dlf-cyber-city-110028?deal_types[]=postpaid
Lord of the Drinks,"Connaught Place (CP), Central Delhi",₹ 1800,"Chinese,European,Finger Food,Italian,North Indian,Cocktail Menu,Multicuisine",4.2,/images/default_1.svg,https://www.eazydiner.com//delhi-ncr/lord-of-the-drinks-connaught-place-121379?deal_types[]=postpaid
The Barbeque Company,"Sector 29, Gurgaon",₹ 1500,"Beverages,Chinese,Mughlai,North Indian,Multicuisine,Barbeque",4.3,/images/default_1.svg,https://www.eazydiner.com//delhi-ncr/the-barbeque-company-sector-29-gurgaon-655986?deal_types[]=postpaid
Ikk Panjab,"Rajouri Garden, West Delhi",₹ 1000,North Indian,4.4,/images/default_1.svg,https://www.eazydiner.com//delhi-ncr/ikk-panjab-rajouri-garden-west-delhi-653294?deal_types[]=postpaid
WITC - Wok In The Clouds,"Connaught Place (CP), Central Delhi",₹ 2000,"Chinese,Indian",4.3,/images/default_1.svg,https://www.eazydiner.com//delhi-ncr/witc-wok-in-the-clouds-connaught-place-cp-central-delhi-668405?deal_types[]=postpaid
The Piano Man,"32nd Milestone, Gurgaon",₹ 2500,"Beverages,European,Finger Food,Italian,Mexican,Asian",4.3,/images/default_1.svg,https://www.eazydiner.com//delhi-ncr/the-piano-man-32nd-milestone-gurgaon-670560?deal_types[]=postpaid
Liv Bar,Worldmark 1,₹ 1400,"Beverages,European,Italian,Continental",4.6,/images/default_1.svg,https://www.eazydiner.com//delhi-ncr/liv-bar-worldmark-1-658205?deal_types[]=postpaid
Underdoggs,Worldmark 2,₹ 2000,"Finger Food,Mexican,North Indian,Pizza,Multicuisine,Asian,Continental",4.3,/images/default_1.svg,https://www.eazydiner.com//delhi-ncr/underdoggs-the-walk-worldmark-delhi-657511?deal_types[]=postpaid
Sanadige – Fine Dine Restaurant,"Chanakyapuri, Central Delhi",₹ 2000,"Finger Food,Kerala,North Indian,Seafood,South Indian,Multicuisine",4.5,/images/default_1.svg,https://www.eazydiner.com//delhi-ncr/sanadige-chanakyapuri-central-delhi-604750?deal_types[]=postpaid
Out Of The Box,"Khan Market, Central Delhi",₹ 1500,Multicuisine,4.5,/images/default_1.svg,https://www.eazydiner.com//delhi-ncr/out-of-the-box-khan-market-110358?deal_types[]=postpaid
The Wine Company,"Cyber Hub, Gurgaon",₹ 1900,Casual Eclectic,4.4,/images/default_1.svg,https://www.eazydiner.com//delhi-ncr/the-wine-company-dlf-cyber-city-110050?deal_types[]=postpaid
Ophelia,"The Ashok, New Delhi",₹ 2000,"European,Finger Food,Italian,Mediterranean,Pizza,Turkish",4.5,/images/default_1.svg,https://www.eazydiner.com//delhi-ncr/ophelia-the-ashok-new-delhi-671931?deal_types[]=postpaid
The Great Kabab Factory,"Radisson Blu Plaza Delhi Airport, Mahipalpur",₹ 3500,"Biryani,Mughlai,North Indian,Kababs",5.0,/images/default_1.svg,https://www.eazydiner.com//delhi-ncr/the-great-kabab-factory-radisson-blu-plaza-delhi-mahipalpur-delhi-110178?deal_types[]=postpaid
UFF Cafe - Unlimited Food Factory,"Vikas Marg, East Delhi",₹ 1200,"Chinese,Indian,Continental",4.4,/images/default_1.svg,https://www.eazydiner.com//delhi-ncr/unlimited-food-factory-vikas-marg-east-delhi-661961?deal_types[]=postpaid
The Qube,"The Leela Palace, New Delhi",₹ 3200,"Finger Food,Italian,North Indian,Pizza,Seafood,All Day Dining,Asian,Continental",4.5,/images/default_1.svg,https://www.eazydiner.com//delhi-ncr/the-qube-the-leela-palace-chanakyapuri-110450?deal_types[]=postpaid
Kwality,"Connaught Place (CP), Central Delhi",₹ 1500,"Beverages,Desserts,Fast Food,Finger Food,Mughlai,North Indian",4.7,/images/default_1.svg,https://www.eazydiner.com//delhi-ncr/kwality-connaught-place-111268?deal_types[]=postpaid
Farzi Cafe,"Cyber Hub, Gurgaon",₹ 1800,Modern Indian,4.2,/images/default_1.svg,https://www.eazydiner.com//delhi-ncr/farzi-cafe-dlf-cyber-city-110037?deal_types[]=postpaid
The G.T. Road,"Connaught Place (CP), Central Delhi",₹ 1500,"Beverages,Desserts,Finger Food,Indian,Mughlai,North Indian,Barbeque",4.4,/images/default_1.svg,https://www.eazydiner.com//delhi-ncr/the-gt-road-connaught-place-cp-central-delhi-643774?deal_types[]=postpaid
FIO Cookhouse and Bar,"Nehru Place, South Delhi",₹ 2700,"Finger Food,Healthy Food,Italian,Pizza,Salad",4.6,/images/default_1.svg,https://www.eazydiner.com//delhi-ncr/fio-cookhouse-and-bar-nehru-place-110315?deal_types[]=postpaid
The Imperial Spice,"Connaught Place (CP), Central Delhi",₹ 2000,"European,Indian,North Indian,Multicuisine",4.4,/images/default_1.svg,https://www.eazydiner.com//delhi-ncr/the-imperial-spice-connaught-place-cp-central-delhi-656222?deal_types[]=postpaid
The Great Kabab Factory,"Radisson Blu Kaushambi Delhi NCR, Ghaziabad",₹ 2000,"Mughlai,North Indian,Kababs",4.7,/images/default_1.svg,https://www.eazydiner.com//delhi-ncr/the-great-kabab-factory-radisson-blu-kaushambi-delhi-ncr-ghaziabad-682534?deal_types[]=postpaid
AnnaMaya,"Andaz Delhi, Aerocity",₹ 3000,"European,Indian,Multicuisine,Asian,Continental,Cantonese",4.3,/images/default_1.svg,https://www.eazydiner.com//delhi-ncr/annamaya-andaz-delhi-aerocity-igi-airport-643599?deal_types[]=postpaid
Ministry Of Beer,"Connaught Place (CP), Central Delhi",₹ 1500,Multicuisine,4.2,/images/default_1.svg,https://www.eazydiner.com//delhi-ncr/ministry-of-beer-connaught-place-cp-central-delhi-644409?deal_types[]=postpaid
Food Exchange,Novotel New Delhi Aerocity-An AccorHotels Brand,₹ 1600,Multicuisine,4.1,/images/default_1.svg,https://www.eazydiner.com//delhi-ncr/food-exchange-novotel-new-delhi-aerocity-an-accorhotels-brand-igi-airport-600092?deal_types[]=postpaid
QBA,"Connaught Place (CP), Central Delhi",₹ 1500,Multicuisine,4.4,/images/default_1.svg,https://www.eazydiner.com//delhi-ncr/qba-connaught-place-110031?deal_types[]=postpaid
Anardana Modern Kitchen and Bar,"Vikas Marg, East Delhi",₹ 1500,"Chinese,Modern Indian",4.4,/images/default_1.svg,https://www.eazydiner.com//delhi-ncr/anardana-modern-kitchen-and-bar-vikas-marg-east-delhi-662068?deal_types[]=postpaid
Laidback Cafe,"Greater Kailash (GK) 2, South Delhi",₹ 2000,Multicuisine,4.4,/images/default_1.svg,https://www.eazydiner.com//delhi-ncr/the-laidback-cafe-greater-kailash-gk-1-south-delhi-648278?deal_types[]=postpaid
Elan,"The Lodhi, New Delhi",₹ 3000,"Finger Food,Italian,North Indian,All Day Dining,Continental,Salad",5.0,/images/default_1.svg,https://www.eazydiner.com//delhi-ncr/elan-the-lodhi-lodhi-road-110745?deal_types[]=postpaid
The Creative Kitchen,"Radisson, Noida",₹ 2900,Multicuisine,4.4,/images/default_1.svg,https://www.eazydiner.com//delhi-ncr/the-creative-kitchen-radisson-noida-648361?deal_types[]=postpaid
The Barbeque Company,"Gardens Galleria Mall, Sector 38",₹ 1100,"Beverages,Desserts,Mughlai,North Indian,Barbeque",4.3,/images/default_1.svg,https://www.eazydiner.com//delhi-ncr/the-barbeque-company-gardens-galleria-672173?deal_types[]=postpaid
Chapter Twelve,"Sector 12, Faridabad",₹ 1500,Multicuisine,4.4,/images/default_1.svg,https://www.eazydiner.com//delhi-ncr/chapter-twelve-sector-12-faridabad-663475?deal_types[]=postpaid
The Piano Man Jazz Club,"Safdarjung, South Delhi",₹ 1800,Casual Eclectic,4.6,/images/default_1.svg,https://www.eazydiner.com//delhi-ncr/the-piano-man-jazz-club-safdarjung-121411?deal_types[]=postpaid
United Coffee House Rewind,"Epicuria Mall, Nehru Place",₹ 1000,"European,Mediterranean,North Indian",4.6,/images/default_1.svg,https://www.eazydiner.com//delhi-ncr/united-coffee-house-rewind-epicuria-mall-nehru-place-656324?deal_types[]=postpaid
Kinbuck 2 Cafe & Bar,"Connaught Place (CP), Central Delhi",₹ 1200,"Chinese,Italian,Lebanese,Mexican,North Indian",4.2,/images/default_1.svg,https://www.eazydiner.com//delhi-ncr/kinbuck-2-connaught-place-121200?deal_types[]=postpaid
On Kourse All Day Dining,"Karma Lakelands, Manesar",₹ 1000,Multicuisine,4.4,/images/default_1.svg,https://www.eazydiner.com//delhi-ncr/on-kourse-all-day-dining-karma-lakelands-manesar-668902?deal_types[]=postpaid
Kitchen District,"Hyatt Regency, Gurgaon",₹ 2400,All Day Dining,4.2,/images/default_1.svg,https://www.eazydiner.com//delhi-ncr/kitchen-district-hyatt-regency-sector-83-116086?deal_types[]=postpaid
In The Punjab,"Greater Kailash (GK) 2, South Delhi",₹ 1500,North Indian,4.5,/images/default_1.svg,https://www.eazydiner.com//delhi-ncr/in-the-punjab-greater-kailash-gk-1-delhi-110360?deal_types[]=postpaid
Gola Sizzlers,"Connaught Place (CP), Central Delhi",₹ 1500,"Beverages,Chinese,Fast Food,Finger Food,Italian,Mughlai,North Indian,Multicuisine",4.3,/images/default_1.svg,https://www.eazydiner.com//delhi-ncr/gola-sizzlers-connaught-place-110349?deal_types[]=postpaid
Seasonal Tastes,"The Westin, Gurgaon",₹ 4500,"Desserts,Finger Food,Japanese,North Indian,Sushi,Thai,Multicuisine,Asian",5.0,/images/default_1.svg,https://www.eazydiner.com//delhi-ncr/seasonal-tastes-the-westin-sector-29-110544?deal_types[]=postpaid
Pavilion 75,"WelcomHotel Dwarka, New Delhi",₹ 2500,Multicuisine,4.4,/images/default_1.svg,https://www.eazydiner.com//delhi-ncr/pavilion-75-welcomhotel-dwarka-111389?deal_types[]=postpaid
Green House - The Beer Garden,"Eros City Square Mall, Gurgaon",₹ 2000,Finger Food,4.5,/images/default_1.svg,https://www.eazydiner.com//delhi-ncr/green-house-the-beer-garden-eros-city-square-mall-gurgaon-661786?deal_types[]=postpaid
Dasaprakash,"Connaught Place (CP), Central Delhi",₹ 800,South Indian,4.2,/images/default_1.svg,https://www.eazydiner.com//delhi-ncr/dasaprakash-connaught-place-cp-central-delhi-682172?deal_types[]=postpaid
The Flying Dutchman,"Indirapuram, Ghaziabad",₹ 800,"Chinese,Finger Food,Italian,North Indian,Pizza,Multicuisine,Continental",4.4,/images/default_1.svg,https://www.eazydiner.com//delhi-ncr/the-flying-dutchman-indirapuram-ghaziabad-653495?deal_types[]=postpaid
CAD Techbar & Craftkitchen,"32nd Milestone, Gurgaon",₹ 1800,Modern Indian,4.2,/images/default_1.svg,https://www.eazydiner.com//delhi-ncr/cad-techbar-craftkitchen-32nd-milestone-gurgaon-661780?deal_types[]=postpaid
Mist,"The Park, New Delhi",₹ 2100,Casual Eclectic,4.2,/images/default_1.svg,https://www.eazydiner.com//delhi-ncr/mist-the-park-connaught-place-cp-111071?deal_types[]=postpaid
La La Land,"Global Foyer Mall, Gurgaon",₹ 2000,Multicuisine,4.5,/images/default_1.svg,https://www.eazydiner.com//delhi-ncr/la-la-land-brew-pub-global-foyer-mall-gurgaon-662672?deal_types[]=postpaid
Dilli 32,"The Leela Ambience Convention Hotel, New Delhi",₹ 3000,North Indian,4.4,/images/default_1.svg,https://www.eazydiner.com//delhi-ncr/dilli-32-the-leela-ambience-convention-hotel-vivek-vihar-110680?deal_types[]=postpaid
The Eatery,Four Points by Sheraton,₹ 2200,Multicuisine,4.3,/images/default_1.svg,https://www.eazydiner.com//delhi-ncr/the-eatery-four-points-by-sheraton-613881?deal_types[]=postpaid
Shang Palace,Shangri-La Eros New Delhi,₹ 3000,Chinese,4.5,/images/default_1.svg,https://www.eazydiner.com//delhi-ncr/shang-palace-shangri-la-s-eros-hotel-connaught-place-cp-612517?deal_types[]=postpaid
MKT,The Chanakya,₹ 2000,"European,Finger Food,Italian,Mexican,North Indian,Pizza,Seafood,Multicuisine,Asian",4.5,/images/default_1.svg,https://www.eazydiner.com//delhi-ncr/mkt-the-chanakya-653491?deal_types[]=postpaid
Honk,Pullman New Delhi Aerocity-An AccorHotels Brand,₹ 2700,Pan Asian,4.3,/images/default_1.svg,https://www.eazydiner.com//delhi-ncr/honk-pullman-new-delhi-aerocity-an-accorhotels-brand-igi-airport-600090?deal_types[]=postpaid
Plum by Bent Chair,"Aerocity, South Delhi",₹ 1800,"Beverages,Chinese,Finger Food,Japanese,Sushi,Thai,Pan Asian,Asian",4.4,/images/default_1.svg,https://www.eazydiner.com//delhi-ncr/plum-by-bent-chair-aerocity-south-delhi-658290?deal_types[]=postpaid
Lost Lemons,"Sector 29, Gurgaon",₹ 1600,Multicuisine,4.2,/images/default_1.svg,https://www.eazydiner.com//delhi-ncr/lost-lemons-sector-29-gurgaon-670333?deal_types[]=postpaid
The Great Kabab Factory,"Radisson Blu Marina, New Delhi",₹ 2600,"Biryani,North Indian",4.4,/images/default_1.svg,https://www.eazydiner.com//delhi-ncr/the-great-kabab-factory-radisson-blu-marina-connaught-place-cp-110542?deal_types[]=postpaid
Castle's Barbeque,"Netaji Subhash Place, North Delhi",₹ 1300,Multicuisine,3.7,/images/default_1.svg,https://www.eazydiner.com//delhi-ncr/castles-barbeque-netaji-subhash-place-north-delhi-682196?deal_types[]=postpaid
7 Old Town,"Hauz Khas, South Delhi",₹ 1500,"Chinese,European,North Indian,Pan Asian,Asian,Continental",4.5,/images/default_1.svg,https://www.eazydiner.com//delhi-ncr/7-old-town-aurobindo-marg-south-delhi-670668?deal_types[]=postpaid
Mala-Akbari,"32nd Milestone, Gurgaon",₹ 1800,Indian,4.4,/images/default_1.svg,https://www.eazydiner.com//delhi-ncr/mala-akbari-32nd-milestone-gurgaon-671909?deal_types[]=postpaid
Miss Nora,"Rajouri Garden, West Delhi",₹ 1500,Pan Asian,5.0,/images/default_1.svg,https://www.eazydiner.com//delhi-ncr/miss-nora-rajouri-garden-west-delhi-670088?deal_types[]=postpaid
Olly- Olive's All Day Cafe & Bar,"Cyber Hub, Gurgaon",₹ 1400,"Cafe,European,Mediterranean,Pizza,Continental",5.0,/images/default_1.svg,https://www.eazydiner.com//delhi-ncr/olly-olives-all-day-cafe-cyber-hub-gurgaon-653266?deal_types[]=postpaid
The Embassy,"Connaught Place (CP), Central Delhi",₹ 2000,Multicuisine,4.3,/images/default_1.svg,https://www.eazydiner.com//delhi-ncr/embassy-connaught-place-110356?deal_types[]=postpaid
Local,"Sector 29, Gurgaon",₹ 1500,Multicuisine,4.1,/images/default_1.svg,https://www.eazydiner.com//delhi-ncr/local-sector-29-gurgaon-669489?deal_types[]=postpaid
Biryani By Kilo,"Connaught Place (CP), Central Delhi",₹ 700,Biryani,5.0,/images/default_1.svg,https://www.eazydiner.com//delhi-ncr/biryani-by-kilo-connaught-place-cp-central-delhi-672093?deal_types[]=postpaid
The Barbeque Times,"Sector 51, Gurgaon",₹ 1200,Multicuisine,3.6,/images/default_1.svg,https://www.eazydiner.com//delhi-ncr/the-barbeque-times-sector-51-gurgaon-683625?deal_types[]=postpaid
The Pizza Bay,"Karma Lakelands, Manesar",₹ 1200,Pizza,4.2,/images/default_1.svg,https://www.eazydiner.com//delhi-ncr/the-pizza-bay-karma-lakelands-manesar-670595?deal_types[]=postpaid
Cafe After Hours,"Dwarka, West Delhi",₹ 900,"Beverages,Cafe,Chinese,North Indian,Thai,Continental",4.3,/images/default_1.svg,https://www.eazydiner.com//delhi-ncr/cafe-after-hours-dwarka-west-delhi-644070?deal_types[]=postpaid
BrewHouse,"Radisson Blu Kaushambi Delhi NCR, Ghaziabad",₹ 2000,Multicuisine,5.0,/images/default_1.svg,https://www.eazydiner.com//delhi-ncr/brewhouse-radisson-blu-kaushambi-delhi-ncr-ghaziabad-682621?deal_types[]=postpaid
Josh - The High Energy Bar,"Pitampura, North Delhi",₹ 1500,Multicuisine,4.4,/images/default_1.svg,https://www.eazydiner.com//delhi-ncr/josh-the-high-energy-bar-pitampura-north-delhi-670282?deal_types[]=postpaid
The Bikers Cafe,"Golf Course Road, Gurgaon",₹ 1000,Cafe,5.0,/images/default_1.svg,https://www.eazydiner.com//delhi-ncr/the-bikers-cafe-sector-54-gurgaon-121556?deal_types[]=postpaid
Warehouse Cafe,"Connaught Place (CP), Central Delhi",₹ 1300,"American,Finger Food,Italian,North Indian,Pizza,Cocktail Menu,Multicuisine,Asian,Continental",4.2,/images/default_1.svg,https://www.eazydiner.com//delhi-ncr/warehouse-cafe-connaught-place-110005?deal_types[]=postpaid
Perbacco,"The Lodhi, New Delhi",₹ 3000,Italian,4.4,/images/default_1.svg,https://www.eazydiner.com//delhi-ncr/perbacco-the-lodhi-new-delhi-669282?deal_types[]=postpaid
Wok In The Clouds,"Khan Market, Central Delhi",₹ 2000,"Beverages,Chinese,North Indian,Thai,Multicuisine,Continental",4.4,/images/default_1.svg,https://www.eazydiner.com//delhi-ncr/wok-in-the-clouds-khan-market-central-delhi-648241?deal_types[]=postpaid
Toffee Bar Food Co,"Chanakyapuri, Central Delhi",₹ 800,Cafe,4.5,/images/default_1.svg,https://www.eazydiner.com//delhi-ncr/toffee-bar-food-co-chanakyapuri-central-delhi-672874?deal_types[]=postpaid
Jungle Jamboree,"Lajpat Nagar 2, South Delhi",₹ 1200,"Beverages,Chinese,Desserts,Finger Food,Italian,North Indian,Pizza,Multicuisine,Barbeque,Asian",4.4,/images/default_1.svg,https://www.eazydiner.com//delhi-ncr/jungle-jamboree-lajpat-nagar-2-south-delhi-666282?deal_types[]=postpaid
Spectra,"The Leela Ambience, Gurgaon",₹ 2537,"Beverages,Desserts,European,Finger Food,Italian,Japanese,North Indian,Sushi,Thai,All Day Dining,Asian",4.6,/images/default_1.svg,https://www.eazydiner.com//delhi-ncr/spectra-the-leela-ambience-ambience-mall-110441?deal_types[]=postpaid
The Snookhook Cafe,"Kailash Colony, South Delhi",₹ 800,Multicuisine,3.9,/images/default_1.svg,https://www.eazydiner.com//delhi-ncr/the-snookhook-cafe-kailash-colony-south-delhi-656298?deal_types[]=postpaid
Downtown Kitchen & Bar,"Courtyard By Marriott, Gurgaon",₹ 2700,Multicuisine,4.1,/images/default_1.svg,https://www.eazydiner.com//delhi-ncr/downtown-kitchen-bar-courtyard-by-marriott-sushant-lok-643534?deal_types[]=postpaid
Broadway,"Radisson Blu, Faridabad",₹ 3000,Multicuisine,5.0,/images/default_1.svg,https://www.eazydiner.com//delhi-ncr/broadway-radisson-blu-mathura-road-644019?deal_types[]=postpaid
Foxtrot,"Cyber Hub, Gurgaon",₹ 1800,Multicuisine,4.5,/images/default_1.svg,https://www.eazydiner.com//delhi-ncr/foxtrot-cyber-hub-gurgaon-663218?deal_types[]=postpaid
3B's,"Country Inn & Suites by Radisson, Ghaziabad",₹ 2500,Multicuisine,4.4,/images/default_1.svg,https://www.eazydiner.com//delhi-ncr/3b-s-country-inn-suites-by-carlson-sahibabad-111112?deal_types[]=postpaid
Chi Ni,"The Roseate, New Delhi",₹ 4000,Chinese,4.8,/images/default_1.svg,https://www.eazydiner.com//delhi-ncr/chi-ni-the-roseate-rajokri-121329?deal_types[]=postpaid
Suroor Reloaded,"Rajouri Garden, West Delhi",₹ 1200,Multicuisine,3.9,/images/default_1.svg,https://www.eazydiner.com//delhi-ncr/suroor-rajouri-garden-west-delhi-648331?deal_types[]=postpaid
The Ancient Barbeque,"Sector 63, Noida",₹ 1300,"Indian,Barbeque",4.6,/images/default_1.svg,https://www.eazydiner.com//delhi-ncr/the-ancient-barbeque-sector-63-noida-110030?deal_types[]=prepaid
Bella Cucina,"Le Meridien, Gurgaon",₹ 2500,Italian,4.4,/images/default_1.svg,https://www.eazydiner.com//delhi-ncr/bella-cucina-le-meridien-mg-road-640279?deal_types[]=postpaid
Savannah Bar,"Radisson Blu Plaza Delhi Airport, Mahipalpur",₹ 2000,Multicuisine,4.7,/images/default_1.svg,https://www.eazydiner.com//delhi-ncr/savannah-bar-radisson-blu-plaza-delhi-mahipalpur-delhi-113482?deal_types[]=postpaid
Fifty9,"Radisson Blu Marina, New Delhi",₹ 2500,Multicuisine,4.5,/images/default_1.svg,https://www.eazydiner.com//delhi-ncr/fifty9-radisson-blu-marina-connaught-place-cp-111309?deal_types[]=postpaid
Michigan Taps,"Global Foyer Mall, Gurgaon",₹ 1300,"American,European,Mediterranean,North Indian,Asian",4.4,/images/default_1.svg,https://www.eazydiner.com//delhi-ncr/michigan-taps-global-foyer-mall-gurgaon-672137?deal_types[]=postpaid
Dasaprakash,"Ashok Vihar Phase 2, North Delhi",₹ 800,South Indian,4.2,/images/default_1.svg,https://www.eazydiner.com//delhi-ncr/dasaprakash-ashok-vihar-phase-2-north-delhi-682174?deal_types[]=postpaid
Eau De Monsoon,"Le Meridien, New Delhi",₹ 4000,Modern Indian,4.5,/images/default_1.svg,https://www.eazydiner.com//delhi-ncr/eau-de-monsoon-le-meridien-janpath-110843?deal_types[]=postpaid
Indian Grill Room,"Golf Course Road, Gurgaon",₹ 2200,North Indian,4.4,/images/default_1.svg,https://www.eazydiner.com//delhi-ncr/indian-grill-room-golf-course-road-110115?deal_types[]=postpaid
ROOH,"Mehrauli, South Delhi",₹ 3500,"Finger Food,Modern Indian",4.5,/images/default_1.svg,https://www.eazydiner.com//delhi-ncr/rooh-mehrauli-south-delhi-662597?deal_types[]=postpaid
Pind Balluchi,"Netaji Subhash Place, North Delhi",₹ 1000,North Indian,4.1,/images/default_1.svg,https://www.eazydiner.com//delhi-ncr/pind-balluchi-netaji-subhash-place-119488?deal_types[]=postpaid
Ziu,"R K Puram, South Delhi",₹ 1500,Thai,4.6,/images/default_1.svg,https://www.eazydiner.com//delhi-ncr/ziu-r-k-puram-new-delhi-121505?deal_types[]=postpaid
The Barbeque Company,"Karkardooma, East Delhi",₹ 1200,"Multicuisine,Barbeque",4.4,/images/default_1.svg,https://www.eazydiner.com//delhi-ncr/the-barbeque-company-karkardooma-east-delhi-637774?deal_types[]=postpaid
Asia Alive,"Double Tree by Hilton, Gurgaon",₹ 2300,Pan Asian,4.6,/images/default_1.svg,https://www.eazydiner.com//delhi-ncr/asia-alive-double-tree-by-hilton-sector-56-111022?deal_types[]=postpaid
Cafe High5,"Connaught Place (CP), Central Delhi",₹ 1200,Multicuisine,4.2,/images/default_1.svg,https://www.eazydiner.com//delhi-ncr/mkob-my-kind-of-bar-connaught-place-cp-central-delhi-669646?deal_types[]=postpaid
KLAP,"Khan Market, Central Delhi",₹ 1200,Multicuisine,4.4,/images/default_1.svg,https://www.eazydiner.com//delhi-ncr/klap-khan-market-central-delhi-673609?deal_types[]=postpaid
Openhouse Cafe,"Connaught Place (CP), Central Delhi",₹ 2000,"Biryani,Chinese,Fast Food,Italian,North Indian,Multicuisine",4.4,/images/default_1.svg,https://www.eazydiner.com//delhi-ncr/open-house-connaught-place-cp-new-delhi-121323?deal_types[]=postpaid
Mamagoto,"Cyber Hub, Gurgaon",₹ 1500,Pan Asian,5.0,/images/default_1.svg,https://www.eazydiner.com//delhi-ncr/mr-mamagoto-cyber-hub-gurgaon-648371?deal_types[]=postpaid
Curry House CoCo Ichibanya,"DLF Cyber City, Gurgaon",₹ 1000,"Japanese,Pan Asian",4.7,/images/default_1.svg,https://www.eazydiner.com//delhi-ncr/curry-house-coco-ichibanya-dlf-cyber-city-gurgaon-671892?deal_types[]=postpaid
Station Bar,"Connaught Place (CP), Central Delhi",₹ 1700,"European,Mediterranean,North Indian,Pan Asian",4.2,/images/default_1.svg,https://www.eazydiner.com//delhi-ncr/station-bar-connaught-place-cp-central-delhi-658156?deal_types[]=postpaid
Drums of Heaven,"Green Park, South Delhi",₹ 900,Chinese,4.5,/images/default_1.svg,https://www.eazydiner.com//delhi-ncr/drums-of-heaven-green-park-110911?deal_types[]=postpaid
Vibe: The Sky Bar,"Doubletree by Hilton, Gurugram Baani Square",₹ 3000,Finger Food,4.2,/images/default_1.svg,https://www.eazydiner.com//delhi-ncr/vibe-the-sky-bar-hilton-garden-inn-sector-50-121541?deal_types[]=postpaid
Unplugged Courtyard,"Connaught Place (CP), Central Delhi",₹ 1700,"European,Finger Food,Italian,North Indian,Pan Asian,Momos,Continental",4.1,/images/default_1.svg,https://www.eazydiner.com//delhi-ncr/unplugged-courtyard-connaught-place-new-delhi-121540?deal_types[]=postpaid
The Prizm,"Sector 7, Dwarka, West Delhi",₹ 800,"Chinese,Indian,Multicuisine",4.3,/images/default_1.svg,https://www.eazydiner.com//delhi-ncr/the-prizm-sector-7-dwarka-west-delhi-657326?deal_types[]=postpaid
QLA,"Mehrauli, South Delhi",₹ 3500,"European,Finger Food,Italian,Pizza,Spanish",5.0,/images/default_1.svg,https://www.eazydiner.com//delhi-ncr/qla-mehrauli-121348?deal_types[]=postpaid
Fat Lulu's,"Khan Market, Central Delhi",₹ 1300,"European,Italian,Pizza",4.5,/images/default_1.svg,https://www.eazydiner.com//delhi-ncr/fat-lulus-khan-market-central-delhi-672833?deal_types[]=postpaid
38 Barracks,"Connaught Place (CP), Central Delhi",₹ 1100,Multicuisine,4.5,/images/default_1.svg,https://www.eazydiner.com//delhi-ncr/38-barracks-connaught-place-cp-central-delhi-604748?deal_types[]=postpaid
Anardana,"R K Puram, South Delhi",₹ 1500,North Indian,4.3,/images/default_1.svg,https://www.eazydiner.com//delhi-ncr/anardana-r-k-puram-south-delhi-682742?deal_types[]=postpaid
Jamie's Italian,"Ambience Mall, Vasant Kunj",₹ 1500,Italian,4.4,/images/default_1.svg,https://www.eazydiner.com//delhi-ncr/jamies-italian-ambience-mall-vasant-kunj-121475?deal_types[]=postpaid
The Clay Oven,"Green Park, South Delhi",₹ 1200,Indian,4.4,/images/default_1.svg,https://www.eazydiner.com//delhi-ncr/the-clay-oven-green-park-south-delhi-653652?deal_types[]=postpaid
World of Shalom,"R K Puram, South Delhi",₹ 2000,Multicuisine,4.4,/images/default_1.svg,https://www.eazydiner.com//delhi-ncr/laidback-cafe-r-k-puram-south-delhi-669615?deal_types[]=postpaid
Unplugged Courtyard,"Udyog Vihar, Gurgaon",₹ 1500,"European,Italian,North Indian,Multicuisine,Pan Asian",4.6,/images/default_1.svg,https://www.eazydiner.com//delhi-ncr/unplugged-courtyard-udyog-vihar-gurgaon-658212?deal_types[]=postpaid
The Junkyard Cafe,"Connaught Place (CP), Central Delhi",₹ 1800,"Finger Food,Mediterranean,North Indian,Thai,Casual Eclectic,Momos,Asian,Salad",3.8,/images/default_1.svg,https://www.eazydiner.com//delhi-ncr/the-junkyard-cafe-connaught-place-121497?deal_types[]=postpaid
Nanking,"Vasant Kunj, South Delhi",₹ 1500,Chinese,4.6,/images/default_1.svg,https://www.eazydiner.com//delhi-ncr/nanking-vasant-kunj-110539?deal_types[]=postpaid
Berco's,"Golf Course Road, Gurgaon",₹ 1100,Pan Asian,5.0,/images/default_1.svg,https://www.eazydiner.com//delhi-ncr/bercos-golf-course-road-118846?deal_types[]=postpaid
The Flying Saucer Cafe,"Epicuria Mall, Nehru Place",₹ 2000,Casual Eclectic,4.2,/images/default_1.svg,https://www.eazydiner.com//delhi-ncr/the-flying-saucer-cafe-nehru-place-110009?deal_types[]=postpaid
Kebabs & Kurries,"WelcomHotel Dwarka, New Delhi",₹ 2600,Awadhi,4.7,/images/default_1.svg,https://www.eazydiner.com//delhi-ncr/k-k-welcomhotel-dwarka-111122?deal_types[]=postpaid
Maamouche's Alchemy Bar,"Sector 110, Noida",₹ 1000,Multicuisine,4.7,/images/default_1.svg,https://www.eazydiner.com//delhi-ncr/maamouches-alchemy-bar-sector-110-noida-661969?deal_types[]=postpaid
Sixth Empirica,"Punjabi Bagh, West Delhi",₹ 1000,Multicuisine,4.3,/images/default_1.svg,https://www.eazydiner.com//delhi-ncr/sixth-empirica-punjabi-bagh-west-delhi-653623?deal_types[]=postpaid
Anglow,"Khan Market, Central Delhi",₹ 2000,"Modern Indian,Regional Indian",4.1,/images/default_1.svg,https://www.eazydiner.com//delhi-ncr/anglow-khan-market-central-delhi-661896?deal_types[]=postpaid
Jamie's Pizzeria By Jamie Oliver,"Ambience Mall, Gurgaon",₹ 800,Pizza,4.3,/images/default_1.svg,https://www.eazydiner.com//delhi-ncr/jamies-pizzeria-by-jamie-oliver-ambience-mall-121474?deal_types[]=postpaid
Mesa Wine Bistro,Worldmark 3,₹ 2000,European,4.6,/images/default_1.svg,https://www.eazydiner.com//delhi-ncr/mesa-wine-bistro-worldmark-3-668953?deal_types[]=postpaid
NYC,"Radisson Blu Plaza Delhi Airport, Mahipalpur",₹ 3000,"Finger Food,Italian,North Indian,Multicuisine,Continental",4.7,/images/default_1.svg,https://www.eazydiner.com//delhi-ncr/new-york-cafe-radisson-blu-plaza-delhi-mahipalpur-delhi-110982?deal_types[]=postpaid
Café NH8,Radisson Gurugram Udyog Vihar,₹ 1600,All Day Dining,5.0,/images/default_1.svg,https://www.eazydiner.com//delhi-ncr/cafe-nh8-radisson-gurugram-udyog-vihar-112879?deal_types[]=postpaid
Cafe Central,"Radisson Gurugram,Sohna Road City Center, Gurgaon",₹ 2200,Multicuisine,4.7,/images/default_1.svg,https://www.eazydiner.com//delhi-ncr/cafe-central-radisson-gurugramsohna-road-city-center-gurgaon-111820?deal_types[]=postpaid
Unlocked - Bar.Kitchen.Escape Room,"32nd Milestone, Gurgaon",₹ 1200,Multicuisine,4.1,/images/default_1.svg,https://www.eazydiner.com//delhi-ncr/unlocked-sector-15-gurgaon-663479?deal_types[]=postpaid
The One,"Le Meridien, New Delhi",₹ 3000,All Day Dining,3.9,/images/default_1.svg,https://www.eazydiner.com//delhi-ncr/the-one-le-meridien-janpath-110705?deal_types[]=postpaid
Rooftop - The View,"Radisson Blu Kaushambi Delhi NCR, Ghaziabad",₹ 2000,Multicuisine,4.1,/images/default_1.svg,https://www.eazydiner.com//delhi-ncr/rooftop-the-view-radisson-blu-kaushambi-delhi-ncr-ghaziabad-682538?deal_types[]=postpaid
Cafe Mez,"Cyber Hub, Gurgaon",₹ 1500,"Mediterranean,Middle Eastern",4.3,/images/default_1.svg,https://www.eazydiner.com//delhi-ncr/cafe-mez-cyber-hub-gurgaon-682438?deal_types[]=postpaid
Studio Xo Bar,"Sector 29, Gurgaon",₹ 1500,Multicuisine,4.0,/images/default_1.svg,https://www.eazydiner.com//delhi-ncr/studio-xo-bar-sector-29-gurgaon-672260?deal_types[]=postpaid
Made In Punjab,"DLF Mall of India, Sector 18, Noida",₹ 1500,"Biryani,North Indian",4.3,/images/default_1.svg,https://www.eazydiner.com//delhi-ncr/made-in-punjab-sector-18-noida-613684?deal_types[]=postpaid
Mandarin Trail,"The Great India Place Mall, Noida",₹ 1600,"Chinese,Pan Asian,Thai,Multicuisine",4.4,/images/default_1.svg,https://www.eazydiner.com//delhi-ncr/mandarin-trail-sector-38-noida-110803?deal_types[]=postpaid
Local,"Sector 38, Noida",₹ 1200,Multicuisine,4.0,/images/default_1.svg,https://www.eazydiner.com//delhi-ncr/local-sector-38-noida-674472?deal_types[]=postpaid
Tamarind Kitchen,"Sector 104, Noida",₹ 1200,Multicuisine,4.8,/images/default_1.svg,https://www.eazydiner.com//delhi-ncr/tamarind-kitchen-sector-104-noida-682789?deal_types[]=postpaid
Limbo,"Sector 29, Gurgaon",₹ 1500,Multicuisine,4.0,/images/default_1.svg,https://www.eazydiner.com//delhi-ncr/uforia-sector-29-gurgaon-663411?deal_types[]=postpaid
Kutumb,"South City 2, Gurgaon",₹ 1000,Indian,4.4,/images/default_1.svg,https://www.eazydiner.com//delhi-ncr/kutumb-south-city-2-gurgaon-672115?deal_types[]=postpaid
Sorrento,Shangri-La Eros New Delhi,₹ 3000,Italian,4.6,/images/default_1.svg,https://www.eazydiner.com//delhi-ncr/sorrento-shangri-la-s-eros-hotel-connaught-place-cp-612514?deal_types[]=postpaid
Aviary Cocktail Nest,"Commons at DLF Avenue, Saket",₹ 1800,Multicuisine,4.4,/images/default_1.svg,https://www.eazydiner.com//delhi-ncr/aviary-commons-at-dlf-avenue-saket-682841?deal_types[]=postpaid
Sampan,"The Suryaa Hotel, New Delhi",₹ 3400,Pan Asian,4.7,/images/default_1.svg,https://www.eazydiner.com//delhi-ncr/sampan-the-suryaa-hotel-new-friends-colony-111788?deal_types[]=postpaid
IHOP,"Cyber Hub, Gurgaon",₹ 1200,American,4.4,/images/default_1.svg,https://www.eazydiner.com//delhi-ncr/ihop-cyber-hub-gurgaon-644427?deal_types[]=postpaid
Qubitos - The Terrace Cafe,"Rajouri Garden, West Delhi",₹ 1600,Multicuisine,4.0,/images/default_1.svg,https://www.eazydiner.com//delhi-ncr/qubitos-the-terrace-cafe-rajouri-garden-121501?deal_types[]=postpaid
Govardhan Vegetarian,"Kamla Nagar, North Delhi",₹ 500,"Chinese,North Indian,South Indian",5.0,/images/default_1.svg,https://www.eazydiner.com//delhi-ncr/govardhan-vegetarian-kamla-nagar-north-delhi-652229?deal_types[]=postpaid
Getafix,"Cross Point Mall, Gurgaon",₹ 1200,"Cafe,Healthy Food",5.0,/images/default_1.svg,https://www.eazydiner.com//delhi-ncr/getafix-cross-point-mall-gurgaon-648407?deal_types[]=postpaid
Suribachi,"Malviya Nagar, South Delhi",₹ 1700,Multicuisine,5.0,/images/default_1.svg,https://www.eazydiner.com//delhi-ncr/suribachi-malviya-nagar-111553?deal_types[]=postpaid
Mr. Ohashi,"Sector 14, Faridabad",₹ 1100,"Japanese,Sushi",4.6,/images/default_1.svg,https://www.eazydiner.com//delhi-ncr/mr-ohashi-sector-14-faridabad-672859?deal_types[]=postpaid
Havemore,"MGF Metropolitan Mall, Saket",₹ 1500,North Indian,4.7,/images/default_1.svg,https://www.eazydiner.com//delhi-ncr/havemore-mgf-metropolitan-mall-saket-682708?deal_types[]=postpaid
Le Cirque,"The Leela Palace, New Delhi",₹ 3800,Italian,4.2,/images/default_1.svg,https://www.eazydiner.com//delhi-ncr/le-cirque-the-leela-palace-chanakyapuri-110568?deal_types[]=postpaid
Pikwik Since 1991,"Pitampura, North Delhi",₹ 800,"Indian,North Indian",5.0,/images/default_1.svg,https://www.eazydiner.com//delhi-ncr/pikwik-pitampura-111409?deal_types[]=postpaid
Pllatos,"Vasant Kunj, South Delhi",₹ 1500,"Chinese,European,Indian",3.7,/images/default_1.svg,https://www.eazydiner.com//delhi-ncr/pllatos-vasant-kunj-south-delhi-673971?deal_types[]=postpaid
Spice Art,"Crowne Plaza, Rohini",₹ 3500,Regional Indian,4.5,/images/default_1.svg,https://www.eazydiner.com//delhi-ncr/spice-art-crowne-plaza-rohini-111030?deal_types[]=postpaid
Diya,"The Leela Ambience, Gurgaon",₹ 4500,Regional Indian,4.4,/images/default_1.svg,https://www.eazydiner.com//delhi-ncr/diya-the-leela-ambience-ambience-mall-111154?deal_types[]=postpaid
MAD Restaurant,"Rajouri Garden, West Delhi",₹ 700,"European,North Indian,Spanish,Asian",5.0,/images/default_1.svg,https://www.eazydiner.com//delhi-ncr/mad-restaurant-rajouri-garden-west-delhi-672210?deal_types[]=postpaid
Barbeque 29,"NIT, Faridabad",₹ 1500,"Multicuisine,Barbeque",4.3,/images/default_1.svg,https://www.eazydiner.com//delhi-ncr/barbeque-29-nit-faridabad-666276?deal_types[]=postpaid
Masala Connection,"Rajouri Garden, West Delhi",₹ 1000,"North Indian,Mughlai,Chinese",5.0,/images/default_1.svg,https://www.eazydiner.com//delhi-ncr/masala-connection-rajouri-garden-west-delhi-683271?deal_types[]=postpaid
Dhaba - Estd 1986 Delhi,Worldmark 2,₹ 1200,North Indian,4.0,/images/default_1.svg,https://www.eazydiner.com//delhi-ncr/dhaba-estd-1986-delhi-worldmark-2-661800?deal_types[]=postpaid
Kampai,Worldmark 1,₹ 1800,"Japanese,Sushi",5.0,/images/default_1.svg,https://www.eazydiner.com//delhi-ncr/kampai-worldmark-1-657610?deal_types[]=postpaid
The Great Kabab Factory,"Radisson, Noida",₹ 3000,"Biryani,Indian,Kababs",4.1,/images/default_1.svg,https://www.eazydiner.com//delhi-ncr/the-great-kabab-factory-sector-55-noida-648353?deal_types[]=postpaid
Dr. Zombie,"Connaught Place (CP), Central Delhi",₹ 1000,Multicuisine,4.3,/images/default_1.svg,https://www.eazydiner.com//delhi-ncr/dr-zombie-connaught-place-cp-central-delhi-663209?deal_types[]=postpaid
The Immigrant Cafe,"Connaught Place (CP), Central Delhi",₹ 1200,Multicuisine,4.4,/images/default_1.svg,https://www.eazydiner.com//delhi-ncr/cafe-immigrant-cannaught-place-121253?deal_types[]=postpaid
The Culinary Court,"Park Ascent, Noida",₹ 2000,North Indian,5.0,/images/default_1.svg,https://www.eazydiner.com//delhi-ncr/the-culinary-court-park-ascent-sector-62-111210?deal_types[]=postpaid
Spring,"Radisson Blu Hotel, Dwarka",₹ 1600,Multicuisine,4.5,/images/default_1.svg,https://www.eazydiner.com//delhi-ncr/spring-radisson-blu-hotel-dwarka-110815?deal_types[]=postpaid
Castle's Barbeque,"Pacific Mall, Tagore Garden",₹ 1600,"Beverages,Chinese,Desserts,Fast Food,Finger Food,North Indian,Barbeque",4.1,/images/default_1.svg,https://www.eazydiner.com//delhi-ncr/castles-barbeque-pacific-mall-tagore-garden-652814?deal_types[]=postpaid
Mai Bao,"Commons at DLF Avenue, Saket",₹ 1800,Singaporean,4.6,/images/default_1.svg,https://www.eazydiner.com//delhi-ncr/mai-bao-saket-south-delhi-672872?deal_types[]=postpaid
AK's Bar,"Karma Lakelands, Manesar",₹ 1600,Multicuisine,4.4,/images/default_1.svg,https://www.eazydiner.com//delhi-ncr/aks-bar-karma-lakelands-manesar-gurgaon-668872?deal_types[]=postpaid
Gozo Restaurant,"Sector 127, Noida",₹ 800,Multicuisine,4.4,/images/default_1.svg,https://www.eazydiner.com//delhi-ncr/gozo-restaurant-sector-127-noida-674077?deal_types[]=postpaid
Deck Of Spices,"Kirti Nagar, West Delhi",₹ 1100,Multicuisine,4.9,/images/default_1.svg,https://www.eazydiner.com//delhi-ncr/deck-of-spices-kirti-nagar-west-delhi-657678?deal_types[]=postpaid
Doodle's Garden,"Punjabi Bagh, West Delhi",₹ 1200,Multicuisine,4.2,/images/default_1.svg,https://www.eazydiner.com//delhi-ncr/doodles-garden-punjabi-bagh-west-delhi-663304?deal_types[]=postpaid
Cafe Out of the Box Courtyard,"Connaught Place (CP), Central Delhi",₹ 1200,Multicuisine,3.8,/images/default_1.svg,https://www.eazydiner.com//delhi-ncr/cafe-out-of-the-box-courtyard-connaught-place-cp-central-delhi-671982?deal_types[]=postpaid
Mosaic,"Crowne Plaza, Rohini",₹ 3000,Multicuisine,4.2,/images/default_1.svg,https://www.eazydiner.com//delhi-ncr/mosaic-crowne-plaza-rohini-110842?deal_types[]=postpaid
Jungle Jamboree,"Logix City Centre Mall, Noida",₹ 1200,"Chinese,North Indian,Multicuisine,Continental",3.9,/images/default_1.svg,https://www.eazydiner.com//delhi-ncr/jungle-jamboree-sector-34-noida-643993?deal_types[]=postpaid
Infinity,"Crowne Plaza, Mayur Vihar Phase 1",₹ 2600,"Italian,Multicuisine",4.1,/images/default_1.svg,https://www.eazydiner.com//delhi-ncr/infinity-crowne-plaza-mayur-vihar-phase-1-111945?deal_types[]=postpaid
Home,"Ambience Mall, Vasant Kunj",₹ 3000,"European,Japanese,Modern Indian",4.7,/images/default_1.svg,https://www.eazydiner.com//delhi-ncr/home-ambience-mall-vasant-kunj-671822?deal_types[]=postpaid
Green Vatika,"Rohini, West Delhi",₹ 1200,Multicuisine,4.2,/images/default_1.svg,https://www.eazydiner.com//delhi-ncr/green-vatika-rohini-west-delhi-663115?deal_types[]=postpaid
Patiaala House (THAILAND),"Vikaspuri, West Delhi",₹ 800,Multicuisine,4.3,/images/default_1.svg,https://www.eazydiner.com//delhi-ncr/patiaala-house-thailand-vikaspuri-west-delhi-682311?deal_types[]=postpaid
Aatithyam,"Sector 104, Noida",₹ 500,"Chinese,North Indian,South Indian",4.0,/images/default_1.svg,https://www.eazydiner.com//delhi-ncr/aatithyam-sector-104-noida-672199?deal_types[]=postpaid
Jalsa,"Galleria Market, Gurgaon",₹ 1200,"Chinese,Indian",4.4,/images/default_1.svg,https://www.eazydiner.com//delhi-ncr/jalsa-galleria-market-gurgaon-672206?deal_types[]=postpaid
Cold Stone Creamery,"Eros City Square Mall, Gurgaon",₹ 400,Ice Cream,5.0,/images/default_1.svg,https://www.eazydiner.com//delhi-ncr/cold-stone-creamery-eros-city-square-mall-gurgaon-669995?deal_types[]=postpaid
60 ML,"Country Inn & Suites by Radisson, Sector 12, Gurgaon",₹ 1500,"Finger Food,Cocktail Menu",4.0,/images/default_1.svg,https://www.eazydiner.com//delhi-ncr/60-ml-country-inn-suites-by-carlson-sector-12-114580?deal_types[]=postpaid
Daddy of Tastes,"Sector 29, Gurgaon",₹ 1400,Multicuisine,4.1,/images/default_1.svg,https://www.eazydiner.com//delhi-ncr/daddy-of-tastes-sector-29-gurgaon-673147?deal_types[]=postpaid
Raasta,"Cyber Hub, Gurgaon",₹ 1500,Cocktail Menu,4.1,/images/default_1.svg,https://www.eazydiner.com//delhi-ncr/raasta-dlf-cyber-city-110129?deal_types[]=postpaid
REVE,"The Walk, Worldmark Delhi",₹ 1500,"French,Italian,Spanish,Continental",4.6,/images/default_1.svg,https://www.eazydiner.com//delhi-ncr/reve-worldmark-1-657498?deal_types[]=postpaid
The Passenger's Bar,"Greater Kailash (GK) 1, South Delhi",₹ 1400,Finger Food,4.5,/images/default_1.svg,https://www.eazydiner.com//delhi-ncr/the-passengers-bar-greater-kailash-gk-1-south-delhi-673241?deal_types[]=postpaid
Elio,"Gardens Galleria Mall, Sector 38",₹ 1200,Multicuisine,4.5,/images/default_1.svg,https://www.eazydiner.com//delhi-ncr/elio-gardens-galleria-682744?deal_types[]=postpaid
Symposium,"Sector 12, Dwarka, West Delhi",₹ 1000,Multicuisine,5.0,/images/default_1.svg,https://www.eazydiner.com//delhi-ncr/symposium-sector-12-dwarka-west-delhi-673667?deal_types[]=postpaid
DnD's - Drinks N Dine,"Sector 6, Dwarka, West Delhi",₹ 1000,Multicuisine,5.0,/images/default_1.svg,https://www.eazydiner.com//delhi-ncr/dnds-drinks-n-dine-sector-6-dwarka-west-delhi-662725?deal_types[]=postpaid
Aqua,"The Park, New Delhi",₹ 3200,Mediterranean,4.2,/images/default_1.svg,https://www.eazydiner.com//delhi-ncr/aqua-the-park-connaught-place-cp-110011?deal_types[]=postpaid
Greppo Cafe,"Sector 61, Gurgaon",₹ 1500,Multicuisine,5.0,/images/default_1.svg,https://www.eazydiner.com//delhi-ncr/greppo-cafe-sector-61-gurgaon-682862?deal_types[]=postpaid
Bioscope,"Sector 63, Noida",₹ 1200,Multicuisine,4.4,/images/default_1.svg,https://www.eazydiner.com//delhi-ncr/bioscope-sector-63-noida-673955?deal_types[]=postpaid
Barish Moon Bar & Brewery,"Sector 38, Noida",₹ 1300,Multicuisine,4.0,/images/default_1.svg,https://www.eazydiner.com//delhi-ncr/barish-moon-bar-sector-38-noida-669108?deal_types[]=postpaid
Friction,"Sector 29, Gurgaon",₹ 1500,Finger Food,4.2,/images/default_1.svg,https://www.eazydiner.com//delhi-ncr/friction-the-drinkery-sector-29-gurgaon-648282?deal_types[]=postpaid
Ssence,"The Suryaa Hotel, New Delhi",₹ 3000,"Multicuisine,All Day Dining",4.4,/images/default_1.svg,https://www.eazydiner.com//delhi-ncr/ssence-the-suryaa-hotel-new-friends-colony-111744?deal_types[]=postpaid
Karigari,"Sector 51, Noida",₹ 1500,"Mughlai,North Indian",4.5,/images/default_1.svg,https://www.eazydiner.com//delhi-ncr/karigari-sector-51-noida-682740
My Secret Place,"Palam Vihar, Gurgaon",₹ 1000,Multicuisine,4.4,/images/default_1.svg,https://www.eazydiner.com//delhi-ncr/my-secret-place-palam-vihar-gurgaon-683100?deal_types[]=postpaid
DKK,"The Grand, New Delhi",₹ 3200,All Day Dining,4.2,/images/default_1.svg,https://www.eazydiner.com//delhi-ncr/cascades-the-grand-vasant-kunj-111780?deal_types[]=postpaid
Punjabi By Nature,"Ambience Mall, Gurgaon",₹ 1500,North Indian,4.1,/images/default_1.svg,https://www.eazydiner.com//delhi-ncr/beer-bahadur-ambience-mall-gurgaon-657301?deal_types[]=postpaid
7 Barrel Brew Pub,"DT Mega Mall, Golf Course Road",₹ 1600,Multicuisine,4.4,/images/default_1.svg,https://www.eazydiner.com//delhi-ncr/7-barrel-brew-pub-dlfphase1-121199?deal_types[]=postpaid
Vapour Bar Exchange,"Sohna Road, Gurgaon",₹ 1600,Multicuisine,4.5,/images/default_1.svg,https://www.eazydiner.com//delhi-ncr/vapour-bar-exchange-sohna-road-gurgaon-652999?deal_types[]=postpaid
Gola Sizzlers,"Pacific Mall, Tagore Garden",₹ 1500,Multicuisine,4.3,/images/default_1.svg,https://www.eazydiner.com//delhi-ncr/gola-sizzlers-pacific-mall-tagore-garden-683142?deal_types[]=postpaid
RBG,"Park Inn by Radisson, Patparganj",₹ 1500,Multicuisine,5.0,/images/default_1.svg,https://www.eazydiner.com//delhi-ncr/rbg-park-inn-by-radisson-657304?deal_types[]=postpaid
Prego,"The Westin, Gurgaon",₹ 3000,Italian,4.3,/images/default_1.svg,https://www.eazydiner.com//delhi-ncr/prego-the-westin-sector-29-110474?deal_types[]=postpaid
Sagar Ratna,"Omega II, Noida",₹ 600,South Indian,4.6,/images/default_1.svg,https://www.eazydiner.com//delhi-ncr/sagar-ratna-omega-ii-noida-674442?deal_types[]=postpaid
Striker 29,"Sector 29, Gurgaon",₹ 1200,Multicuisine,4.5,/images/default_1.svg,https://www.eazydiner.com//delhi-ncr/striker-29-sector-29-gurgaon-682399?deal_types[]=postpaid
Ching Singh,"Logix City Centre Mall, Noida",₹ 1200,"Chinese,Indian,Multicuisine,Pan Asian",4.2,/images/default_1.svg,https://www.eazydiner.com//delhi-ncr/ching-shihh-sector-34-noida-643613?deal_types[]=postpaid
Ivoryy Delhi,"Malviya Nagar, South Delhi",₹ 1200,"European,Mediterranean,Asian",4.0,/images/default_1.svg,https://www.eazydiner.com//delhi-ncr/ivoryy-cocktail-garden-malviya-nagar-south-delhi-682647?deal_types[]=postpaid
Firangi Island,"Kirti Nagar, West Delhi",₹ 1200,Multicuisine,5.0,/images/default_1.svg,https://www.eazydiner.com//delhi-ncr/firangi-island-kirti-nagar-west-delhi-663150?deal_types[]=postpaid
Val Halla,"Indirapuram, Ghaziabad",₹ 1500,Multicuisine,3.8,/images/default_1.svg,https://www.eazydiner.com//delhi-ncr/val-halla-indirapuram-ghaziabad-672279?deal_types[]=postpaid
Melange,"The Pllazio Hotel, Gurgaon",₹ 1700,Multicuisine,4.2,/images/default_1.svg,https://www.eazydiner.com//delhi-ncr/melange-the-pllazio-hotel-sector-29-111291?deal_types[]=postpaid
Daryaganj,Worldmark 1,₹ 1300,"Biryani,Desserts,Mughlai,North Indian,Kababs",4.5,/images/default_1.svg,https://www.eazydiner.com//delhi-ncr/daryaganj-worldmark-1-663308?deal_types[]=postpaid
Big Pitcher,"Sector 29, Gurgaon",₹ 1600,Multicuisine,4.3,/images/default_1.svg,https://www.eazydiner.com//delhi-ncr/big-pitcher-sector-29-gurgaon-673512?deal_types[]=postpaid
Synite,"Gardens Galleria Mall, Sector 38",₹ 1200,Multicuisine,4.6,/images/default_1.svg,https://www.eazydiner.com//delhi-ncr/synite-gardens-galleria-682747?deal_types[]=postpaid
So Chow,"Rajouri Garden, West Delhi",₹ 1000,Pan Asian,4.5,/images/default_1.svg,https://www.eazydiner.com//delhi-ncr/so-chow-rajouri-garden-west-delhi-673681?deal_types[]=postpaid
Guppy,"Lodhi Colony, South Delhi",₹ 2200,"Japanese,Sushi",4.6,/images/default_1.svg,https://www.eazydiner.com//delhi-ncr/guppy-by-ai-lodhi-colony-110144?deal_types[]=postpaid
Smaaash,"Sector 18, Noida",₹ 1200,Multicuisine,5.0,/images/default_1.svg,https://www.eazydiner.com//delhi-ncr/smaaash-sector-18-noida-683413?deal_types[]=postpaid
Not Just Indian,"Indirapuram, Ghaziabad",₹ 1000,Multicuisine,4.7,/images/default_1.svg,https://www.eazydiner.com//delhi-ncr/not-just-indian-indirapuram-ghaziabad-682926?deal_types[]=postpaid
Bella Rossa,"Sector 9, Dwarka, West Delhi",₹ 1000,"Italian,North Indian,Asian,Continental",4.3,/images/default_1.svg,https://www.eazydiner.com//delhi-ncr/bella-rossa-sector-9-dwarka-west-delhi-682810?deal_types[]=postpaid
Jamie's Pizzeria,"Ardee Mall, Ardee City",₹ 1500,Italian,4.6,/images/default_1.svg,https://www.eazydiner.com//delhi-ncr/jamies-pizzeria-ardee-mall-ardee-city-668906?deal_types[]=postpaid
Ano Tai,"Jaypee Vasant Continental, New Delhi",₹ 2500,oriental,4.9,/images/default_1.svg,https://www.eazydiner.com//delhi-ncr/ano-tai-jaypee-vasant-continental-vasant-vihar-112257?deal_types[]=postpaid
Kiara Soul Kitchen,"Greater Kailash (GK) 2, South Delhi",₹ 1600,"Indian,Pan Asian",4.8,/images/default_1.svg,https://www.eazydiner.com//delhi-ncr/kiara-soul-kitchen-greater-kailash-gk-2-south-delhi-653446?deal_types[]=postpaid
Runway1,"Metro Walk Mall, Rohini",₹ 1000,"Beverages,Chinese,Fast Food,Mughlai,North Indian",3.9,/images/default_1.svg,https://www.eazydiner.com//delhi-ncr/runway1-metro-walk-mall-rohini-658421?deal_types[]=postpaid
The Chocolate Room,"Sector 66, Gurgaon",₹ 500,Cafe,5.0,/images/default_1.svg,https://www.eazydiner.com//delhi-ncr/the-chocolate-room-sector-66-gurgaon-683615?deal_types[]=postpaid
Food Bus of India,"Vishwavidyalaya, North Delhi",₹ 400,"Chinese,North Indian",5.0,/images/default_1.svg,https://www.eazydiner.com//delhi-ncr/food-bus-of-india-vishwavidyalaya-north-delhi-683673?deal_types[]=postpaid
Panoramic,"Suraj Kund, Faridabad",₹ 2100,"Chinese,Indian",4.5,/images/default_1.svg,https://www.eazydiner.com//delhi-ncr/panoramic-the-atrium-suraj-kund-faridabad-113296?deal_types[]=postpaid
Cafe Knosh,"The Leela Ambience Convention Hotel, New Delhi",₹ 3000,Cafe,4.3,/images/default_1.svg,https://www.eazydiner.com//delhi-ncr/cafe-knosh-the-leela-ambience-convention-hotel-vivek-vihar-111388?deal_types[]=postpaid
The Great Indian Mela,"Ambience Mall, Gurgaon",₹ 1400,Multicuisine,3.9,/images/default_1.svg,https://www.eazydiner.com//delhi-ncr/the-great-indian-mela-ambience-mall-gurgaon-672261?deal_types[]=postpaid
Roasted,"Roseate House, New Delhi",₹ 1000,"Bakery,Cafe",4.5,/images/default_1.svg,https://www.eazydiner.com//delhi-ncr/roasted-roseate-house-new-delhi-648369?deal_types[]=postpaid
Cafe Taxi,"GTB Nagar, North Delhi",₹ 1200,Multicuisine,4.3,/images/default_1.svg,https://www.eazydiner.com//delhi-ncr/cafe-taxi-gtb-nagar-north-delhi-674259?deal_types[]=postpaid
Punjabi By Nature,"Ambience Mall, Vasant Kunj",₹ 1600,North Indian,4.1,/images/default_1.svg,https://www.eazydiner.com//delhi-ncr/punjabi-by-nature-vasant-kunj-110471?deal_types[]=postpaid
Flavours,"Golden Tulip, Sector 29",₹ 1800,Multicuisine,4.0,/images/default_1.svg,https://www.eazydiner.com//delhi-ncr/flavours-gwal-pahari-gurgaon-682739?deal_types[]=postpaid
Imly,"Karol Bagh, Central Delhi",₹ 700,"European,North Indian,Street Food,Momos",5.0,/images/default_1.svg,https://www.eazydiner.com//delhi-ncr/imly-cafe-karol-bagh-central-delhi-662238?deal_types[]=postpaid
Breakin' Brew,"Karkardooma, East Delhi",₹ 700,"American,Chinese,European,Italian",4.6,/images/default_1.svg,https://www.eazydiner.com//delhi-ncr/breakin-brew-karkardooma-east-delhi-672164?deal_types[]=postpaid
Jai's Status,"Vasundhara, Ghaziabad",₹ 1000,Multicuisine,5.0,/images/default_1.svg,https://www.eazydiner.com//delhi-ncr/jais-status-vasundhara-ghaziabad-682914?deal_types[]=postpaid
High Spirits,"Hilton Garden Inn, Saket",₹ 1500,"Finger Food,Modern Indian,Multicuisine",4.0,/images/default_1.svg,https://www.eazydiner.com//delhi-ncr/high-spirits-hilton-garden-inn-gurgaon-653304?deal_types[]=postpaid
Delhi barbeque,"Mahipalpur, South Delhi",₹ 1500,"Multicuisine,Barbeque",4.3,/images/default_1.svg,https://www.eazydiner.com//delhi-ncr/delhi-barbeque-mahipalpur-south-delhi-665561?deal_types[]=postpaid
Cross Avenue,Radisson Blu Hotel Greater Noida,₹ 2200,Multicuisine,4.4,/images/default_1.svg,https://www.eazydiner.com//delhi-ncr/cross-avenue-radisson-blu-greater-noida-118808?deal_types[]=postpaid
Zanotta,"The Leela Ambience, Gurgaon",₹ 4000,Italian,4.7,/images/default_1.svg,https://www.eazydiner.com//delhi-ncr/zanotta-the-leela-ambience-ambience-mall-111794?deal_types[]=postpaid
National Highway 44,"Connaught Place (CP), Central Delhi",₹ 1000,Indian,4.7,/images/default_1.svg,https://www.eazydiner.com//delhi-ncr/national-highway-44-connaught-place-cp-central-delhi-683560?deal_types[]=postpaid
Gazzab,"Mahavir Enclave, West Delhi",₹ 750,Multicuisine,4.7,/images/default_1.svg,https://www.eazydiner.com//delhi-ncr/gazzab-mahavir-enclave-west-delhi-682404?deal_types[]=postpaid
The Ivy,"Sector 50, Gurgaon",₹ 1500,"European,Lebanese,Middle Eastern",4.6,/images/default_1.svg,https://www.eazydiner.com//delhi-ncr/the-ivy-sector-50-gurgaon-644711?deal_types[]=postpaid
EEST,"The Westin, Gurgaon",₹ 3600,Pan Asian,4.6,/images/default_1.svg,https://www.eazydiner.com//delhi-ncr/eest-the-westin-sector-29-110868?deal_types[]=postpaid
Swan,"Mehrauli, South Delhi",₹ 2000,"Italian,Japanese,Sushi",4.4,/images/default_1.svg,https://www.eazydiner.com//delhi-ncr/swan-mehrauli-south-delhi-672808?deal_types[]=postpaid
Roasted By Roseate,"Ambience Mall, Gurgaon",₹ 1100,Cafe,4.0,/images/default_1.svg,https://www.eazydiner.com//delhi-ncr/roasted-by-roseate-ambience-mall-gurgaon-682037?deal_types[]=postpaid
MEALIT,"Sector 16, Faridabad",₹ 600,Multicuisine,4.0,/images/default_1.svg,https://www.eazydiner.com//delhi-ncr/mealit-sector-16-faridabad-683313?deal_types[]=postpaid
MIC Drop,"South Extension 2, South Delhi",₹ 1500,Multicuisine,4.3,/images/default_1.svg,https://www.eazydiner.com//delhi-ncr/mic-drop-south-extension-2-south-delhi-670359?deal_types[]=postpaid
Cafe Amaretto,"DLF South Point Mall, Golf Course Road",₹ 1600,Italian,4.6,/images/default_1.svg,https://www.eazydiner.com//delhi-ncr/cafe-amaretto-south-city-2-gurgaon-640278?deal_types[]=postpaid
The Hook,"Sector 29, Gurgaon",₹ 1200,Multicuisine,4.3,/images/default_1.svg,https://www.eazydiner.com//delhi-ncr/the-hook-sector-29-gurgaon-644630?deal_types[]=postpaid
Zorro,"Sector 29, Gurgaon",₹ 1200,Multicuisine,4.0,/images/default_1.svg,https://www.eazydiner.com//delhi-ncr/zorro-sector-29-gurgaon-683549?deal_types[]=postpaid
The Sky High,"Ansal Plaza Mall, Khel Gaon Marg",₹ 1500,"European,Italian,Mughlai,North Indian",4.1,/images/default_1.svg,https://www.eazydiner.com//delhi-ncr/the-sky-high-ansal-plaza-mall-khel-gaon-marg-658380?deal_types[]=postpaid
Sincity,"Connaught Place (CP), Central Delhi",₹ 1300,Multicuisine,4.2,/images/default_1.svg,https://www.eazydiner.com//delhi-ncr/sincity-connaught-place-cp-central-delhi-670300?deal_types[]=postpaid
Panchgaon,"Manesar, Gurgaon",₹ 600,"Chinese,Indian,South Indian,Street Food,Continental",4.1,/images/default_1.svg,https://www.eazydiner.com//delhi-ncr/pachgaon-manesar-gurgaon-682783?deal_types[]=postpaid
Dhansoo Cafe,"Tagore Garden, West Delhi",₹ 1700,Regional Indian,4.3,/images/default_1.svg,https://www.eazydiner.com//delhi-ncr/dhansoo-cafe-pacific-mall-tagore-garden-673163?deal_types[]=postpaid
Sizzling Co by Big Bbq,"Rajouri Garden, West Delhi",₹ 1200,Multicuisine,4.9,/images/default_1.svg,https://www.eazydiner.com//delhi-ncr/sizzling-cp-by-big-bbq-rajouri-garden-west-delhi-682252?deal_types[]=postpaid
Shots Cafe & Lounge,"Gujranwala Town, North Delhi",₹ 1100,Multicuisine,4.0,/images/default_1.svg,https://www.eazydiner.com//delhi-ncr/shots-cafe-lounge-gujranwala-town-north-delhi-673844?deal_types[]=postpaid
Jamie Oliver's Italian,"Pacific Mall, Tagore Garden",₹ 1500,"Italian,Pizza",4.3,/images/default_1.svg,https://www.eazydiner.com//delhi-ncr/jamie-olivers-italian-pacific-mall-tagore-garden-661952?deal_types[]=postpaid
Pitstop - Brewpub and Skykarting,"Sector 29, Gurgaon",₹ 1000,Multicuisine,4.3,/images/default_1.svg,https://www.eazydiner.com//delhi-ncr/pitstop-brewpub-sector-29-gurgaon-643488?deal_types[]=postpaid
Sagar Ratna,"Sector 142, Noida",₹ 600,South Indian,4.5,/images/default_1.svg,https://www.eazydiner.com//delhi-ncr/sagar-ratna-sector-142-noida-674439?deal_types[]=postpaid
Jamie’s Pizzeria,"Vegas Mall, Dwarka",₹ 1200,"Italian,Pizza",4.3,/images/default_1.svg,https://www.eazydiner.com//delhi-ncr/jamies-pizzeria-vegas-mall-dwarka-682265?deal_types[]=postpaid
Punjab Street,"NIT, Faridabad",₹ 800,North Indian,4.1,/images/default_1.svg,https://www.eazydiner.com//delhi-ncr/punjab-street-nit-faridabad-673098?deal_types[]=postpaid
Bella Rossa,"Vijay Nagar, North Delhi",₹ 1200,Italian,4.3,/images/default_1.svg,https://www.eazydiner.com//delhi-ncr/bella-rossa-vijay-nagar-north-delhi-682775?deal_types[]=postpaid
The Branch Cafe,"South Extension 2, South Delhi",₹ 1000,Multicuisine,4.2,/images/default_1.svg,https://www.eazydiner.com//delhi-ncr/the-branch-cafe-south-extension-2-south-delhi-648377?deal_types[]=postpaid
CHO - Vietnamese Kitchen & Bar,"Mehrauli, South Delhi",₹ 2500,Vietnamese,4.7,/images/default_1.svg,https://www.eazydiner.com//delhi-ncr/cho-vietnamese-kitchen-bar-mehrauli-south-delhi-682390?deal_types[]=postpaid
India Grill,"Hilton Garden Inn, Saket",₹ 2400,"Indian,Italian,oriental",3.9,/images/default_1.svg,https://www.eazydiner.com//delhi-ncr/india-grill-hilton-garden-inn-saket-110939?deal_types[]=postpaid
The Reader's Cafe,"Indirapuram, Ghaziabad",₹ 1000,Multicuisine,4.6,/images/default_1.svg,https://www.eazydiner.com//delhi-ncr/the-readers-cafe-indirapuram-ghaziabad-658323?deal_types[]=postpaid
Philoi Kitchen & Bar,"Qutab Institutional Area, South Delhi",₹ 1500,Multicuisine,3.9,/images/default_1.svg,https://www.eazydiner.com//delhi-ncr/philoi-kitchen-bar-qutab-institutional-area-south-delhi-682971?deal_types[]=postpaid
Nomimono,"Epicuria Mall, Nehru Place",₹ 2000,Japanese,4.6,/images/default_1.svg,https://www.eazydiner.com//delhi-ncr/nomimono-epicuria-mall-nehru-place-682868?deal_types[]=postpaid
Biryani Birinj,"Sector 11, Rohini, West Delhi",₹ 500,Multicuisine,5.0,/images/default_1.svg,https://www.eazydiner.com//delhi-ncr/biryani-birinj-sector-11-rohini-west-delhi-683632?deal_types[]=postpaid
Zoca Cafe,"Vikaspuri, West Delhi",₹ 1000,Multicuisine,5.0,/images/default_1.svg,https://www.eazydiner.com//delhi-ncr/zoca-cafe-vikaspuri-west-delhi-683633?deal_types[]=postpaid
Chicago Pizza,"Vikaspuri, West Delhi",₹ 600,Pizza,4.6,/images/default_1.svg,https://www.eazydiner.com//delhi-ncr/chicago-pizza-vikaspuri-west-delhi-669850?deal_types[]=postpaid
Amelia By The Playpen,"MG Road, South Delhi",₹ 700,"Bakery,Cafe,European",4.8,/images/default_1.svg,https://www.eazydiner.com//delhi-ncr/amelia-by-the-playpen-mg-road-south-delhi-682993?deal_types[]=postpaid
Krua Thai,"Sector 67, Gurgaon",₹ 1100,Thai,4.4,/images/default_1.svg,https://www.eazydiner.com//delhi-ncr/krua-thai-sector-67-gurgaon-672851?deal_types[]=postpaid
RUBARRU,"Gardens Galleria Mall, Sector 38",₹ 1500,"Chinese,Indian,Mexican,Multicuisine,Continental",3.5,/images/default_1.svg,https://www.eazydiner.com//delhi-ncr/ruabrru-gardens-galleria-674229?deal_types[]=postpaid
The Tangra Project,"Commons at DLF Avenue, Saket",₹ 1200,Multicuisine,4.4,/images/default_1.svg,https://www.eazydiner.com//delhi-ncr/the-tangra-project-commons-at-dlf-avenue-saket-674343?deal_types[]=postpaid
The Beer House Cafe,Indirapuram Habitat Centre,₹ 1200,Multicuisine,4.0,/images/default_1.svg,https://www.eazydiner.com//delhi-ncr/the-beer-house-cafe-shipra-mall-indirapuram-683062?deal_types[]=postpaid
Talli Station,"Netaji Subhash Place, North Delhi",₹ 1500,Multicuisine,4.0,/images/default_1.svg,https://www.eazydiner.com//delhi-ncr/talli-station-netaji-subhash-place-north-delhi-682916?deal_types[]=postpaid
Cafe Diaries,"Satyaniketan, South Delhi",₹ 600,Multicuisine,4.2,/images/default_1.svg,https://www.eazydiner.com//delhi-ncr/cafe-diaries-satyaniketan-south-delhi-673162?deal_types[]=postpaid
Pintxo,"32nd Milestone, Gurgaon",₹ 1000,Spanish,4.2,/images/default_1.svg,https://www.eazydiner.com//delhi-ncr/pintxo-32nd-milestone-gurgaon-657575?deal_types[]=postpaid
Pickwicks,"The Claridges, New Delhi",₹ 3000,Casual Eclectic,4.3,/images/default_1.svg,https://www.eazydiner.com//delhi-ncr/pickwicks-the-claridges-aurangzeb-road-112130?deal_types[]=postpaid
The Malabar Coast by Appumm House,"Sector 66, Gurgaon",₹ 1200,Indian Coastal Cuisine,5.0,/images/default_1.svg,https://www.eazydiner.com//delhi-ncr/the-malabar-coast-by-appumm-house-sector-66-gurgaon-683269?deal_types[]=postpaid
Kakapo,"Mehrauli, South Delhi",₹ 2000,Multicuisine,4.6,/images/default_1.svg,https://www.eazydiner.com//delhi-ncr/kakapo-mehrauli-south-delhi-673887?deal_types[]=postpaid
Cafe After Hours,"Paschim Vihar, West Delhi",₹ 1200,Multicuisine,4.3,/images/default_1.svg,https://www.eazydiner.com//delhi-ncr/cafe-after-hours-paschim-vihar-west-delhi-670111?deal_types[]=postpaid
RDX,"Safdarjung, South Delhi",₹ 1500,North Indian,3.4,/images/default_1.svg,https://www.eazydiner.com//delhi-ncr/rdx-safdarjung-111901?deal_types[]=postpaid
Noon Mirch,"Indirapuram, Ghaziabad",₹ 1500,Modern Indian,4.2,/images/default_1.svg,https://www.eazydiner.com//delhi-ncr/noon-mirch-indirapuram-ghaziabad-672104?deal_types[]=postpaid
House #309 by Sweet Obsession,"DLF South Point Mall, Golf Course Road",₹ 700,"Bakery,Cafe",4.9,/images/default_1.svg,https://www.eazydiner.com//delhi-ncr/house-309-by-sweet-obsession-dlf-south-point-mall-golf-course-road-674367?deal_types[]=postpaid
Gola Sizzlers,"Preet Vihar, East Delhi",₹ 1200,"Sizzlers,Multicuisine",4.5,/images/default_1.svg,https://www.eazydiner.com//delhi-ncr/gola-sizzlers-preet-vihar-east-delhi-673048?deal_types[]=postpaid
Govardhan,"Aurobindo Marg, South Delhi",₹ 550,South Indian,5.0,/images/default_1.svg,https://www.eazydiner.com//delhi-ncr/govardhan-110863?deal_types[]=postpaid
My Tea Chapel,"DLF South Point Mall, Golf Course Road",₹ 595,"Cafe,Coffee and Tea",4.7,/images/default_1.svg,https://www.eazydiner.com//delhi-ncr/my-tea-chapel-dlf-south-point-mall-golf-course-road-672176?deal_types[]=postpaid
Sly Granny,"Select Citywalk Mall, Saket",₹ 2000,"Fusion,Modern Indian",4.6,/images/default_1.svg,https://www.eazydiner.com//delhi-ncr/sly-granny-select-citywalk-mall-saket-671106?deal_types[]=postpaid
Café Resto,"Jaypee Greens Golf & Spa Resort, Noida",₹ 2000,Multicuisine,4.8,/images/default_1.svg,https://www.eazydiner.com//delhi-ncr/cafe-resto-jaypee-greens-golf-spa-resort-noida-674470?deal_types[]=postpaid
Café Bean and Basil,"Sector 32, Noida",₹ 900,Continental,4.6,/images/default_1.svg,https://www.eazydiner.com//delhi-ncr/cafe-bean-and-basil-sector-32-noida-683581?deal_types[]=postpaid
Cafe Delhi Heights,"Sector 63, Noida",₹ 1200,Multicuisine,4.4,/images/default_1.svg,https://www.eazydiner.com//delhi-ncr/cafe-delhi-heights-sector-63-noida-673505?deal_types[]=postpaid
24/7 Restaurant,"The Lalit, New Delhi",₹ 3000,All Day Dining,4.2,/images/default_1.svg,https://www.eazydiner.com//delhi-ncr/24-7-restaurant-the-lalit-connaught-place-cp-110472?deal_types[]=postpaid
Noire Live Kitchen,"Greater Kailash (GK) 2, South Delhi",₹ 1200,"European,Italian",4.3,/images/default_1.svg,https://www.eazydiner.com//delhi-ncr/noire-greater-kailash-gk-2-south-delhi-673080?deal_types[]=postpaid
Godaam,"Greater Kailash (GK) 1, South Delhi",₹ 1500,North Indian,4.0,/images/default_1.svg,https://www.eazydiner.com//delhi-ncr/godaam-greater-kailash-gk-1-south-delhi-683071?deal_types[]=postpaid
Refections Cafe,"Malviya Nagar, South Delhi",₹ 400,Multicuisine,4.7,/images/default_1.svg,https://www.eazydiner.com//delhi-ncr/refections-cafe-malviya-nagar-south-delhi-683556?deal_types[]=postpaid
Mona cava,"Aurobindo Marg, South Delhi",₹ 1500,Multicuisine,5.0,/images/default_1.svg,https://www.eazydiner.com//delhi-ncr/mona-cava-aurobindo-marg-south-delhi-683395?deal_types[]=postpaid
Smaaash Airia,"Sector 68, Gurgaon",₹ 1200,Multicuisine,5.0,/images/default_1.svg,https://www.eazydiner.com//delhi-ncr/smaaash-sector-68-gurgaon-683441?deal_types[]=postpaid
Tuckinn Fresh Beer Cafe,"Sohna Road, Gurgaon",₹ 1600,Multicuisine,4.3,/images/default_1.svg,https://www.eazydiner.com//delhi-ncr/the-nook-sohna-road-121214?deal_types[]=postpaid
Kutumb,"Sector 10, Rohini, West Delhi",₹ 650,Indian,4.1,/images/default_1.svg,https://www.eazydiner.com//delhi-ncr/kutumb-sector-10-rohini-west-delhi-672960?deal_types[]=postpaid
Paatra,"Jaypee Siddharth, New Delhi",₹ 3000,North Indian,4.9,/images/default_1.svg,https://www.eazydiner.com//delhi-ncr/paatra-jaypee-siddharth-rajendra-place-111385?deal_types[]=postpaid
Brat House,"Karol Bagh, Central Delhi",₹ 1200,Multicuisine,3.8,/images/default_1.svg,https://www.eazydiner.com//delhi-ncr/brat-house-karol-bagh-central-delhi-683229?deal_types[]=postpaid
The Groove,"32nd Milestone, Gurgaon",₹ 2500,Multicuisine,4.3,/images/default_1.svg,https://www.eazydiner.com//delhi-ncr/the-groove-32nd-milestone-gurgaon-670650?deal_types[]=postpaid
Yeti - The Himalayan Kitchen,"Cyber Hub, Gurgaon",₹ 1300,Nepalese,4.9,/images/default_1.svg,https://www.eazydiner.com//delhi-ncr/yeti-the-himalayan-kitchen-cyber-hub-gurgaon-674314?deal_types[]=postpaid
Cafe Another Day,"District Centre, Janakpuri",₹ 1200,Multicuisine,3.7,/images/default_1.svg,https://www.eazydiner.com//delhi-ncr/cafe-another-day-district-centre-janakpuri-668496?deal_types[]=postpaid
The Darzi Bar & Kitchen,"Connaught Place (CP), Central Delhi",₹ 1500,Multicuisine,4.1,/images/default_1.svg,https://www.eazydiner.com//delhi-ncr/the-darzi-bar-kitchen-connaught-place-cp-central-delhi-643594?deal_types[]=postpaid
Chidyaghar Bar,"Roseate House, New Delhi",₹ 3000,Modern Indian,4.6,/images/default_1.svg,https://www.eazydiner.com//delhi-ncr/chidya-ghar-roseate-house-igi-airport-643566?deal_types[]=postpaid
The Brewhouse,"Radisson Gurugram,Sohna Road City Center, Gurgaon",₹ 1500,Finger Food,4.3,/images/default_1.svg,https://www.eazydiner.com//delhi-ncr/the-brewhouse-fortune-select-excalibur-gurgaon-619839?deal_types[]=postpaid
Monsoon By Cafe Lota,Worldmark 1,₹ 1500,Regional Indian,4.5,/images/default_1.svg,https://www.eazydiner.com//delhi-ncr/monsoon-by-cafe-lota-worldmark-1-672259?deal_types[]=postpaid
Capers,"Golden Tulip Vasundhara Hotel and Suites, New Delhi",₹ 1700,Multicuisine,4.5,/images/default_1.svg,https://www.eazydiner.com//delhi-ncr/capers-golden-tulip-vasundhara-hotel-and-suites-vasundhara-644569?deal_types[]=postpaid
Moti Mahal Delux,"Shakarpur, East Delhi",₹ 1500,"Mughlai,North Indian",4.0,/images/default_1.svg,https://www.eazydiner.com//delhi-ncr/moti-mahal-delux-shakarpur-east-delhi-683127?deal_types[]=postpaid
Spice It,"Hotel IBIS, Gurgaon",₹ 1500,Multicuisine,4.2,/images/default_1.svg,https://www.eazydiner.com//delhi-ncr/spice-it-hotel-ibis-golf-course-road-111517?deal_types[]=postpaid
Cafe Bro,"Ashok Vihar Phase 2, North Delhi",₹ 700,Multicuisine,4.2,/images/default_1.svg,https://www.eazydiner.com//delhi-ncr/cafe-bro-ashok-vihar-phase-2-north-delhi-682779?deal_types[]=postpaid
World Cafe,"Vibe by the Lalit Traveller, Faridabad",₹ 1000,Multicuisine,4.1,/images/default_1.svg,https://www.eazydiner.com//delhi-ncr/world-cafe-vibe-by-the-lalit-traveller-mathura-road-111808?deal_types[]=postpaid
Seoul Restaurant,"Ansal Plaza Mall, Khel Gaon Marg",₹ 1300,"Japanese,Korean,Sushi",4.8,/images/default_1.svg,https://www.eazydiner.com//delhi-ncr/restaurant-de-seoul-khel-gaon-marg-112001?deal_types[]=postpaid
Dakshin,"Sheraton, New Delhi, South Delhi",₹ 3000,"South Indian,Indian Coastal Cuisine",4.5,/images/default_1.svg,https://www.eazydiner.com//delhi-ncr/dakshin-sheraton-south-delhi-saket-110508?deal_types[]=postpaid
Seventh Sense,"Rohini, West Delhi",₹ 3500,Multicuisine,4.0,/images/default_1.svg,https://www.eazydiner.com//delhi-ncr/seventh-sense-rohini-west-delhi-683647?deal_types[]=postpaid
Dhansoo Cafe,"Ambience Mall, Gurgaon",₹ 1000,Regional Indian,4.0,/images/default_1.svg,https://www.eazydiner.com//delhi-ncr/dhansoo-cafe-ambience-mall-gurgaon-673949?deal_types[]=postpaid
Delhi Pavilion,"Sheraton, New Delhi, South Delhi",₹ 3000,"Indian,Multicuisine",4.2,/images/default_1.svg,https://www.eazydiner.com//delhi-ncr/delhi-pavilion-sheraton-south-delhi-saket-110859?deal_types[]=postpaid
Tippling Street,"Rajouri Garden, West Delhi",₹ 1600,"European,Modern Indian,Pan Asian",4.2,/images/default_1.svg,https://www.eazydiner.com//delhi-ncr/tippling-street-rajouri-garden-west-delhi-643844?deal_types[]=postpaid
Mosaic,"Country Inn & Suites by Radisson, Sector 12, Gurgaon",₹ 1600,Multicuisine,4.2,/images/default_1.svg,https://www.eazydiner.com//delhi-ncr/mosaic-country-inn-suites-by-carlson-sector-12-112214?deal_types[]=postpaid
Courtyard by ccb,"Sector 17, Dwarka, West Delhi",₹ 1000,Multicuisine,3.8,/images/default_1.svg,https://www.eazydiner.com//delhi-ncr/courtyard-by-ccb-sector-17-dwarka-west-delhi-682938?deal_types[]=postpaid
Ping's Bia Hoi,"One Horizon Center, Golf Course Road",₹ 1200,Pan Asian,4.7,/images/default_1.svg,https://www.eazydiner.com//delhi-ncr/pings-bia-hoi-one-horizon-center-golf-course-road-673614?deal_types[]=postpaid
Jalsa Air Bar,"Sector 49, Gurgaon",₹ 1200,Multicuisine,4.3,/images/default_1.svg,https://www.eazydiner.com//delhi-ncr/jalsa-air-bar-sector-49-gurgaon-682643?deal_types[]=postpaid
Pōṣā - All Things Indian,"32nd Milestone, Gurgaon",₹ 1000,Indian,4.8,/images/default_1.svg,https://www.eazydiner.com//delhi-ncr/poa-all-things-indian-32nd-milestone-gurgaon-674447?deal_types[]=postpaid
Dearie Bar Brewery Kitchen,"Gardens Galleria Mall, Sector 38",₹ 1500,Multicuisine,4.1,/images/default_1.svg,https://www.eazydiner.com//delhi-ncr/dearie-bar-brewery-kitchen-gardens-galleria-683187?deal_types[]=postpaid
Food Bus Of India,"Rajendra Place, Central Delhi",₹ 400,"Chinese,North Indian",5.0,/images/default_1.svg,https://www.eazydiner.com//delhi-ncr/food-bus-of-india-rajendra-place-central-delhi-683636?deal_types[]=postpaid
Padmanabham,"Kailash Colony, South Delhi",₹ 1200,South Indian,4.6,/images/default_1.svg,https://www.eazydiner.com//delhi-ncr/padmanabham-kailash-colony-south-delhi-683347?deal_types[]=postpaid
Sizzling Shack,"Park Inn by Radisson, Lajpat Nagar 4",₹ 1500,Multicuisine,4.4,/images/default_1.svg,https://www.eazydiner.com//delhi-ncr/sizzling-shack-park-inn-by-radisson-lajpat-nagar-4-681942?deal_types[]=postpaid
Rehab Gastropub,"Hauz Khas Village, South Delhi",₹ 1100,Multicuisine,4.6,/images/default_1.svg,https://www.eazydiner.com//delhi-ncr/rehab-gastropub-hauz-khas-village-south-delhi-647788?deal_types[]=postpaid
Sky Heart lounge & Bar,"Punjabi Bagh, West Delhi",₹ 1000,Multicuisine,3.9,/images/default_1.svg,https://www.eazydiner.com//delhi-ncr/my-bar-punjabi-bagh-west-delhi-653634?deal_types[]=postpaid
Pind Balluchi,"Greater Noida, Noida",₹ 1200,North Indian,4.8,/images/default_1.svg,https://www.eazydiner.com//delhi-ncr/pind-balluchi-greater-noida-noida-683336?deal_types[]=postpaid
Mary Lou's,"Commons at DLF Avenue, Saket",₹ 1400,"American,European,Multicuisine",5.0,/images/default_1.svg,https://www.eazydiner.com//delhi-ncr/mary-lous-commons-at-dlf-avenue-saket-683110?deal_types[]=postpaid
RYBA The Grill House,"DLF Phase 4, Gurgaon",₹ 800,"Middle Eastern,North Indian",4.7,/images/default_1.svg,https://www.eazydiner.com//delhi-ncr/ryba-the-grill-house-dlf-phase-4-gurgaon-674101?deal_types[]=postpaid
#3BROS,"Sector 63, Noida",₹ 900,"Biryani,Chinese,European,Italian,Mexican,Mughlai,North Indian,Pizza,Thai,Pan Asian",4.4,/images/default_1.svg,https://www.eazydiner.com//delhi-ncr/3bros-sector-63-noida-668869?deal_types[]=postpaid
Orchid Cafe,"Fortune Park Orange, Sidhrawali, Gurgaon",₹ 1400,Multicuisine,4.6,/images/default_1.svg,https://www.eazydiner.com//delhi-ncr/orchid-fortune-park-orange-sidhrawali-gurgaon-668490?deal_types[]=postpaid
Pa Pa Ya,"Select Citywalk Mall, Saket",₹ 2000,"Chinese,Finger Food,Japanese,Sushi,Thai,Pan Asian,Asian",4.6,/images/default_1.svg,https://www.eazydiner.com//delhi-ncr/pa-pa-ya-select-citywalk-mall-saket-643287
Angels N Brats,"Good Earth City Centre, Gurgaon",₹ 1000,European,4.1,/images/default_1.svg,https://www.eazydiner.com//delhi-ncr/angels-n-brats-good-earth-city-centre-gurgaon-683257?deal_types[]=postpaid
TFR Retro House,"Sector 47, Gurgaon",₹ 2000,Multicuisine,4.7,/images/default_1.svg,https://www.eazydiner.com//delhi-ncr/tfr-retro-house-sector-47-gurgaon-682673?deal_types[]=postpaid
Glass House,"Doubletree by Hilton, Gurugram Baani Square",₹ 3000,Multicuisine,3.9,/images/default_1.svg,https://www.eazydiner.com//delhi-ncr/glass-house-hilton-garden-inn-sector-50-111170?deal_types[]=postpaid
Unwind By Amuse House,"Ansal Plaza Mall, Khel Gaon Marg",₹ 1800,Multicuisine,4.3,/images/default_1.svg,https://www.eazydiner.com//delhi-ncr/unwind-by-amuse-house-ansal-plaza-mall-khel-gaon-marg-682415?deal_types[]=postpaid
Fio Pop,"Commons at DLF Avenue, Saket",₹ 1500,European,4.5,/images/default_1.svg,https://www.eazydiner.com//delhi-ncr/fio-pop-dlf-place-mall-saket-672946?deal_types[]=postpaid
The Race,"Rajouri Garden, West Delhi",₹ 1300,Multicuisine,4.2,/images/default_1.svg,https://www.eazydiner.com//delhi-ncr/the-race-rajouri-garden-west-delhi-670664
Jazbaa,"Rajouri Garden, West Delhi",₹ 1000,"Beverages,Chinese,Finger Food,Italian,North Indian,Pizza,Multicuisine",4.0,/images/default_1.svg,https://www.eazydiner.com//delhi-ncr/jazbaa-rajouri-garden-west-delhi-644537?deal_types[]=postpaid
Mount Fuji,"Connaught Place (CP), Central Delhi",₹ 1500,Asian,5.0,/images/default_1.svg,https://www.eazydiner.com//delhi-ncr/mount-fuji-connaught-place-cp-central-delhi-683500?deal_types[]=postpaid
Café Bow,"Sector 12, Dwarka, West Delhi",₹ 1200,"Chinese,Indian,Continental",3.0,/images/default_1.svg,https://www.eazydiner.com//delhi-ncr/cafe-bow-sector-12-dwarka-west-delhi-682298?deal_types[]=postpaid
SKOL,"South Extension 2, South Delhi",₹ 1500,Multicuisine,5.0,/images/default_1.svg,https://www.eazydiner.com//delhi-ncr/skol-south-extension-2-south-delhi-682869?deal_types[]=postpaid
Cafe Culture,"Greater Kailash (GK) 1, South Delhi",₹ 1000,Cafe,3.8,/images/default_1.svg,https://www.eazydiner.com//delhi-ncr/cafe-culture-greater-kailash-gk-1-south-delhi-643823?deal_types[]=postpaid
The GolChakkar,"Kalkaji, South Delhi",₹ 1200,Multicuisine,4.0,/images/default_1.svg,https://www.eazydiner.com//delhi-ncr/the-golchakkar-kalkaji-south-delhi-640402?deal_types[]=postpaid
KAOS - RISTORANTE & CAFE,"East of Kailash, South Delhi",₹ 1000,Multicuisine,5.0,/images/default_1.svg,https://www.eazydiner.com//delhi-ncr/kaos-ristorante-cafe-east-of-kailash-south-delhi-682106?deal_types[]=postpaid
Local Heights,"Punjabi Bagh, West Delhi",₹ 1200,Multicuisine,4.0,/images/default_1.svg,https://www.eazydiner.com//delhi-ncr/local-heights-punjabi-bagh-west-delhi-672854?deal_types[]=postpaid
Miso Sexy,"Mehrauli, South Delhi",₹ 2000,Pan Asian,4.1,/images/default_1.svg,https://www.eazydiner.com//delhi-ncr/miso-sexy-mehrauli-south-delhi-682407?deal_types[]=postpaid
Geoffrey's,"Park Plaza, Faridabad",₹ 2500,Cocktail Menu,4.4,/images/default_1.svg,https://www.eazydiner.com//delhi-ncr/geoffreys-pub-park-plaza-sector-21-faridabad-112386?deal_types[]=postpaid
Green Mantis,"Khan Market, Central Delhi",₹ 2500,Pan Asian,4.7,/images/default_1.svg,https://www.eazydiner.com//delhi-ncr/green-mantis-khan-market-central-delhi-673832?deal_types[]=postpaid
My Bar Headquarters,"Sector 38, Noida",₹ 1500,Multicuisine,3.6,/images/default_1.svg,https://www.eazydiner.com//delhi-ncr/my-bar-headquarters-sector-38-noida-682061?deal_types[]=postpaid
Baluchi,"The Lalit, New Delhi",₹ 2500,North Indian,3.8,/images/default_1.svg,https://www.eazydiner.com//delhi-ncr/baluchi-the-lalit-connaught-place-cp-110962?deal_types[]=postpaid
China Kitchen,"Hyatt Regency, New Delhi",₹ 4500,Chinese,5.0,/images/default_1.svg,https://www.eazydiner.com//delhi-ncr/china-kitchen-hyatt-regency-bhikaji-cama-place-110651?deal_types[]=postpaid
Filmy Bar & Cafe,"Paharganj, Central Delhi",₹ 1200,Multicuisine,5.0,/images/default_1.svg,https://www.eazydiner.com//delhi-ncr/filmy-bar-cafe-paharganj-central-delhi-683515?deal_types[]=postpaid
Rubicon Bar & Cigar Lounge,"The Leela Ambience, Gurgaon",₹ 1800,Finger Food,4.9,/images/default_1.svg,https://www.eazydiner.com//delhi-ncr/rubicon-bar-the-leela-ambience-ambience-mall-112434?deal_types[]=postpaid
Lazy Bear,"GTB Nagar, North Delhi",₹ 1200,Multicuisine,4.1,/images/default_1.svg,https://www.eazydiner.com//delhi-ncr/lazy-bear-gtb-nagar-north-delhi-682003?deal_types[]=postpaid
Aero Restro,"Gardens Galleria Mall, Sector 38",₹ 1200,Multicuisine,2.0,/images/default_1.svg,https://www.eazydiner.com//delhi-ncr/aero-restro-gardens-galleria-683077?deal_types[]=postpaid
One8 Commune,"Punjabi Bagh, West Delhi",₹ 2500,Multicuisine,4.9,/images/default_1.svg,https://www.eazydiner.com//delhi-ncr/one8-commune-punjabi-bagh-west-delhi-683566
Charcha,"Kamla Nagar, North Delhi",₹ 1000,"Beverages,Italian",4.0,/images/default_1.svg,https://www.eazydiner.com//delhi-ncr/charcha-kamla-nagar-north-delhi-682737?deal_types[]=postpaid
Caffe Bella Italia,"Gwal Pahari, Gurgaon",₹ 600,Italian,5.0,/images/default_1.svg,https://www.eazydiner.com//delhi-ncr/caffe-bella-italia-gwal-pahari-gurgaon-673250?deal_types[]=postpaid
Bread & More,"Greater Kailash (GK) 1, South Delhi",₹ 600,Bakery,3.9,/images/default_1.svg,https://www.eazydiner.com//delhi-ncr/bread-more-greater-kailash-gk-1-south-delhi-673214?deal_types[]=postpaid
Bougie,"Mehrauli, South Delhi",₹ 2000,Multicuisine,3.6,/images/default_1.svg,https://www.eazydiner.com//delhi-ncr/bougie-mehrauli-south-delhi-682397?deal_types[]=postpaid
October,"Sector 119, Noida",₹ 1000,Multicuisine,4.7,/images/default_1.svg,https://www.eazydiner.com//delhi-ncr/october-sector-119-noida-682408?deal_types[]=postpaid
Sticky Rice,"New Friends Colony, South Delhi",₹ 1200,Pan Asian,4.0,/images/default_1.svg,https://www.eazydiner.com//delhi-ncr/sticky-rice-new-friends-colony-south-delhi-682920?deal_types[]=postpaid
Pind Balluchi,"Udyog Vihar, Gurgaon",₹ 800,"Chinese,Mughlai,North Indian",5.0,/images/default_1.svg,https://www.eazydiner.com//delhi-ncr/pind-balluchi-udyog-vihar-gurgaon-665333?deal_types[]=postpaid
Café,"Hyatt Regency, New Delhi",₹ 4000,All Day Dining,4.8,/images/default_1.svg,https://www.eazydiner.com//delhi-ncr/caf-hyatt-regency-bhikaji-cama-place-111148?deal_types[]=postpaid
Oh Delhi - Kitchen Bar Grill,"Vasant Kunj, South Delhi",₹ 1200,Multicuisine,4.5,/images/default_1.svg,https://www.eazydiner.com//delhi-ncr/oh-delhi-kitchen-bar-grill-vasant-square-mall-vasant-kunj-674080?deal_types[]=postpaid
T.K'S Oriental Grill,"Hyatt Regency, New Delhi",₹ 4000,"Japanese,Sushi",4.2,/images/default_1.svg,https://www.eazydiner.com//delhi-ncr/t-k-s-oriental-grill-hyatt-regency-bhikaji-cama-place-111012?deal_types[]=postpaid
Curious Mug,"Greater Noida, Noida",₹ 1000,,3.3,/images/default_1.svg,https://www.eazydiner.com//delhi-ncr/curious-mug-greater-noida-noida-683165?deal_types[]=postpaid
Malt-n-Brew,"Park Ascent, Noida",₹ 1500,Multicuisine,5.0,/images/default_1.svg,https://www.eazydiner.com//delhi-ncr/malt-n-brew-park-ascent-noida-683431?deal_types[]=postpaid
The Pavilion,"ITC Maurya, New Delhi",₹ 4000,Multicuisine,4.3,/images/default_1.svg,https://www.eazydiner.com//delhi-ncr/the-pavilion-itc-maurya-sardar-patel-marg-110766?deal_types[]=postpaid
Soul Pantry,"Andaz Delhi, Aerocity",₹ 2000,"Healthy Food,Pizza",4.7,/images/default_1.svg,https://www.eazydiner.com//delhi-ncr/soul-pantry-andaz-delhi-aerocity-662640?deal_types[]=postpaid
La Piazza,"Hyatt Regency, New Delhi",₹ 4500,Italian,5.0,/images/default_1.svg,https://www.eazydiner.com//delhi-ncr/la-piazza-hyatt-regency-bhikaji-cama-place-110819?deal_types[]=postpaid
Cafe By Soul,"DLF Phase 1, Gurgaon",₹ 800,"European,Italian",4.5,/images/default_1.svg,https://www.eazydiner.com//delhi-ncr/cafe-by-soul-dlf-phase-1-gurgaon-672222?deal_types[]=postpaid
SardarJi Malai Chaap Wale,"Manesar, Gurgaon",₹ 600,North Indian,4.5,/images/default_1.svg,https://www.eazydiner.com//delhi-ncr/sardarji-malai-chaap-wale-manesar-gurgaon-682762?deal_types[]=postpaid
Dhaba - Estd 1986 Delhi,"Pacific Mall, Tagore Garden",₹ 1200,North Indian,4.8,/images/default_1.svg,https://www.eazydiner.com//delhi-ncr/dhaba-estd-1986-delhi-pacific-mall-tagore-garden-683120?deal_types[]=postpaid
Oddly Yeti,"Connaught Place (CP), Central Delhi",₹ 1200,"Chinese,Nepalese,Tibetan",4.6,/images/default_1.svg,https://www.eazydiner.com//delhi-ncr/oddly-yeti-connaught-place-cp-central-delhi-672266?deal_types[]=postpaid
Kaffiiaa,"Sector 18, Noida",₹ 1000,Multicuisine,4.5,/images/default_1.svg,https://www.eazydiner.com//delhi-ncr/kaffiiaa-sector-18-noida-110386?deal_types[]=postpaid
Syrah,"Hyatt Regency, New Delhi",₹ 3000,"Mediterranean,Middle Eastern",4.6,/images/default_1.svg,https://www.eazydiner.com//delhi-ncr/syrah-hyatt-regency-new-delhi-682304?deal_types[]=postpaid
Cafe Coffee Bar,"City Centre Mall, Dwarka",₹ 1500,Multicuisine,3.7,/images/default_1.svg,https://www.eazydiner.com//delhi-ncr/cafe-coffee-bar-city-centre-mall-dwarka-682932?deal_types[]=postpaid
The Art of Dumpling,"Connaught Place (CP), Central Delhi",₹ 2000,Pan Asian,4.1,/images/default_1.svg,https://www.eazydiner.com//delhi-ncr/the-art-of-dumpling-connaught-place-cp-central-delhi-668605?deal_types[]=postpaid
HUDBA,"Greater Kailash (GK) 1, South Delhi",₹ 1300,Multicuisine,3.7,/images/default_1.svg,https://www.eazydiner.com//delhi-ncr/hudba-greater-kailash-gk-1-south-delhi-652825?deal_types[]=postpaid
Gola Sizzler,"Raj Nagar, Ghaziabad",₹ 1000,"Chinese,North Indian,Sizzlers",3.8,/images/default_1.svg,https://www.eazydiner.com//delhi-ncr/gola-sizzler-raj-nagar-ghaziabad-682855?deal_types[]=postpaid
Baby Dragon Bar & Restaurant,"Sector 18, Noida",₹ 1400,"Chinese,Indian,Mughlai,Multicuisine,Continental",4.3,/images/default_1.svg,https://www.eazydiner.com//delhi-ncr/baby-dragon-bar-restaurant-sector-18-noida-110480?deal_types[]=postpaid
Dwarka SYD Rooftop Cafe,"Sector 12, Dwarka, West Delhi",₹ 700,Multicuisine,4.5,/images/default_1.svg,https://www.eazydiner.com//delhi-ncr/dwarka-syd-rooftop-cafe-sector-12-dwarka-west-delhi-682863?deal_types[]=postpaid
Metro Grill,"City Center Mall, Rohini",₹ 1200,North Indian,3.5,/images/default_1.svg,https://www.eazydiner.com//delhi-ncr/metro-grill-rohini-111396?deal_types[]=postpaid
Xero Degrees,"Sector 104, Noida",₹ 500,Multicuisine,4.5,/images/default_1.svg,https://www.eazydiner.com//delhi-ncr/xero-degrees-sector-104-noida-683043?deal_types[]=postpaid
The Love story cafe,"Sector 71, Gurgaon",₹ 1000,Multicuisine,4.8,/images/default_1.svg,https://www.eazydiner.com//delhi-ncr/the-love-story-cafe-sector-71-gurgaon-683399?deal_types[]=postpaid
Three Tuns Cafe and Bar,"Janakpuri, West Delhi",₹ 1500,"European,Fast Food,Italian,Pan Asian",3.3,/images/default_1.svg,https://www.eazydiner.com//delhi-ncr/three-tuns-cafe-and-bar-janakpuri-west-delhi-643856?deal_types[]=postpaid
Lakhori - Haveli Dharampura,"Chandni Chowk, Old Delhi",₹ 4000,Modern Indian,4.3,/images/default_1.svg,https://www.eazydiner.com//delhi-ncr/lakhori-haveli-dharampura-chandni-chowk-old-delhi-612577?deal_types[]=postpaid
High Bae,"Delhi Cantt., South Delhi",₹ 1200,Multicuisine,4.5,/images/default_1.svg,https://www.eazydiner.com//delhi-ncr/high-bae-chanakyapuri-central-delhi-670846?deal_types[]=postpaid
Raajsik,"The Umrao, New Delhi",₹ 2000,Indian,4.0,/images/default_1.svg,https://www.eazydiner.com//delhi-ncr/raajsik-the-umrao-new-delhi-663437?deal_types[]=postpaid
The Litti Chokha,"Omaxe World Street, Sector 79, Faridabad",₹ 600,Bihari,4.3,/images/default_1.svg,https://www.eazydiner.com//delhi-ncr/the-litti-chokha-omaxe-world-street-sector-79-faridabad-673986?deal_types[]=postpaid
Classy Cafe Bar & Restaurant,"South Extension 1, South Delhi",₹ 1200,Multicuisine,4.8,/images/default_1.svg,https://www.eazydiner.com//delhi-ncr/classy-cafe-bar-restaurant-south-extension-1-south-delhi-666252?deal_types[]=postpaid
Thyme,"The Umrao, New Delhi",₹ 1800,Multicuisine,4.0,/images/default_1.svg,https://www.eazydiner.com//delhi-ncr/thyme-the-umrao-rajokri-111611?deal_types[]=postpaid
Mix Lounge and Bar,"The Westin, Gurgaon",₹ 2000,Multicuisine,4.8,/images/default_1.svg,https://www.eazydiner.com//delhi-ncr/mix-lounge-and-bar-the-westin-sector-29-112783?deal_types[]=postpaid
The Chocolate Room,"Vasant Vihar, South Delhi",₹ 1000,"Italian,Mexican,Continental",4.2,/images/default_1.svg,https://www.eazydiner.com//delhi-ncr/the-chocolate-room-vasant-vihar-south-delhi-674102?deal_types[]=postpaid
Pind Balluchi,"Indirapuram, Ghaziabad",₹ 1000,North Indian,3.9,/images/default_1.svg,https://www.eazydiner.com//delhi-ncr/pind-balluchi-indirapuram-ghaziabad-683056?deal_types[]=postpaid
Viva,Holiday Inn Gurugram Sector 90,₹ 1400,Multicuisine,3.7,/images/default_1.svg,https://www.eazydiner.com//delhi-ncr/viva-holiday-inn-gurugram-sector-90-682966?deal_types[]=postpaid
Puratan - Family Restaurant & Bar,"Rohini, West Delhi",₹ 1200,Multicuisine,4.5,/images/default_1.svg,https://www.eazydiner.com//delhi-ncr/puratan-family-restaurant-bar-rohini-112553?deal_types[]=postpaid
Smaaash,"Radisson Blu Hotel, Dwarka",₹ 1200,Multicuisine,5.0,/images/default_1.svg,https://www.eazydiner.com//delhi-ncr/smaaash-radisson-blu-hotel-dwarka-683421?deal_types[]=postpaid
Clubate Pure Vegetarian Restaurant,"Indirapuram, Ghaziabad",₹ 800,Multicuisine,4.3,/images/default_1.svg,https://www.eazydiner.com//delhi-ncr/clubate-indirapuram-ghaziabad-657714?deal_types[]=postpaid
Boozer's Club,"Pitampura, North Delhi",₹ 1000,Multicuisine,4.0,/images/default_1.svg,https://www.eazydiner.com//delhi-ncr/boozers-club-pitampura-north-delhi-683660?deal_types[]=postpaid
Longitude Bar,"Le Meridien, Gurgaon",₹ 1700,Cocktail Menu,4.7,/images/default_1.svg,https://www.eazydiner.com//delhi-ncr/longitude-bar-le-meridien-mg-road-113298?deal_types[]=postpaid
Lake 360,"Karma Lakelands, Manesar",₹ 4000,Fusion,4.3,/images/default_1.svg,https://www.eazydiner.com//delhi-ncr/360-karma-lakelands-manesar-683108?deal_types[]=postpaid
Gravity Mantra,"Sector 18, Noida",₹ 800,Multicuisine,4.5,/images/default_1.svg,https://www.eazydiner.com//delhi-ncr/gravity-mantra-sector-18-delhi-121504?deal_types[]=postpaid
Café Resto,"Jaypee Siddharth, New Delhi",₹ 2500,Multicuisine,4.7,/images/default_1.svg,https://www.eazydiner.com//delhi-ncr/cafe-resto-jaypee-siddharth-new-delhi-681962?deal_types[]=postpaid
The Imperial Cafe,"Connaught Place (CP), Central Delhi",₹ 1200,Pan Asian,4.6,/images/default_1.svg,https://www.eazydiner.com//delhi-ncr/the-imperial-cafe-connaught-place-cp-central-delhi-670503?deal_types[]=postpaid
By the Bay,"GTB Nagar, North Delhi",₹ 900,"Chinese,European,Goan,Indian,Seafood",3.8,/images/default_1.svg,https://www.eazydiner.com//delhi-ncr/by-the-bay-gtb-nagar-north-delhi-656082?deal_types[]=postpaid
Kiko-Bā,"Vasant Vihar, South Delhi",₹ 1800,Pan Asian,4.3,/images/default_1.svg,https://www.eazydiner.com//delhi-ncr/kiko-ba-vasant-vihar-south-delhi-670528?deal_types[]=postpaid
Ambrosia,"The Golden Palms Hotel, New Delhi",₹ 1500,Multicuisine,3.5,/images/default_1.svg,https://www.eazydiner.com//delhi-ncr/ambrosia-the-golden-palms-hotel-new-delhi-662898?deal_types[]=postpaid
SkyHouse,"Raj Nagar, Ghaziabad",₹ 1400,Multicuisine,4.1,/images/default_1.svg,https://www.eazydiner.com//delhi-ncr/skyhouse-raj-nagar-ghaziabad-673631?deal_types[]=postpaid
Tossin Pizza,"Sector 56, Gurgaon",₹ 800,Pizza,5.0,/images/default_1.svg,https://www.eazydiner.com//delhi-ncr/tossin-pizza-sector-56-gurgaon-674053?deal_types[]=postpaid
Khawesome Cafe,"Janakpuri, West Delhi",₹ 800,Multicuisine,4.7,/images/default_1.svg,https://www.eazydiner.com//delhi-ncr/khawesome-cafe-janakpuri-west-delhi-672916?deal_types[]=postpaid
Elation,"Greater Kailash (GK) 1, South Delhi",₹ 1200,Finger Food,4.7,/images/default_1.svg,https://www.eazydiner.com//delhi-ncr/elation-greater-kailash-gk-1-south-delhi-643822?deal_types[]=postpaid
Ottimo,"ITC Maurya, New Delhi",₹ 3600,European,4.4,/images/default_1.svg,https://www.eazydiner.com//delhi-ncr/ottimo-itc-maurya-sardar-patel-marg-110399?deal_types[]=postpaid
PCO,"Vasant Vihar, South Delhi",₹ 2500,Cocktail Menu,4.6,/images/default_1.svg,https://www.eazydiner.com//delhi-ncr/pco-vasant-vihar-110372?deal_types[]=postpaid
CP 24 Kitchen & Bar,"Connaught Place (CP), Central Delhi",₹ 1500,Multicuisine,5.0,/images/default_1.svg,https://www.eazydiner.com//delhi-ncr/cp-24-kitchen-bar-connaught-place-cp-central-delhi-682853?deal_types[]=postpaid
Oh! Pind,"Karol Bagh, Central Delhi",₹ 500,Multicuisine,4.3,/images/default_1.svg,https://www.eazydiner.com//delhi-ncr/saada-pind-karol-bagh-central-delhi-682714?deal_types[]=postpaid
The Beer Cafe,"Sector 142, Noida",₹ 1200,Multicuisine,3.6,/images/default_1.svg,https://www.eazydiner.com//delhi-ncr/the-beer-cafe-sector-142-noida-673953?deal_types[]=postpaid
Kitchen District,"Janakpuri, West Delhi",₹ 1200,Multicuisine,4.0,/images/default_1.svg,https://www.eazydiner.com//delhi-ncr/kitchen-district-janakpuri-west-delhi-683314?deal_types[]=postpaid
Café Resto,"Jaypee Vasant Continental, New Delhi",₹ 2000,Multicuisine,4.9,/images/default_1.svg,https://www.eazydiner.com//delhi-ncr/cafe-resto-jaypee-vasant-continental-new-delhi-681964?deal_types[]=postpaid
Meraki Cafe & Bar,"Defence Colony, South Delhi",₹ 1400,Multicuisine,4.2,/images/default_1.svg,https://www.eazydiner.com//delhi-ncr/cafe-meraki-defence-colony-121437?deal_types[]=postpaid
Connexions,"Crowne Plaza, Gurgaon",₹ 2500,Cocktail Menu,4.7,/images/default_1.svg,https://www.eazydiner.com//delhi-ncr/connexions-sector-29-112259?deal_types[]=postpaid
Sardar's Fish & Chicken,"Karkardooma, East Delhi",₹ 1000,North Indian,3.0,/images/default_1.svg,https://www.eazydiner.com//delhi-ncr/sardars-fish-chicken-karkardooma-east-delhi-683665?deal_types[]=postpaid
Delilah,"Sector 12, Dwarka, West Delhi",₹ 1200,"Chinese,European",4.5,/images/default_1.svg,https://www.eazydiner.com//delhi-ncr/delilah-sector-12-dwarka-west-delhi-682296?deal_types[]=postpaid
Flavours,"The Gaurs Sarovar Portico, Noida",₹ 1200,Multicuisine,4.5,/images/default_1.svg,https://www.eazydiner.com//delhi-ncr/flavours-the-gaurs-sarovar-portico-noida-682544?deal_types[]=postpaid
